,0,China0,China1,China2,France0,France1,France2,Italy0,Italy1,Italy2,Japan0,Japan1,Japan2,Poland0,Poland1,Poland2,Portugal0,Portugal1,Portugal2,Russia0,Russia1,Russia2,South Korea0,South Korea1,South Korea2,Switzerland0,Switzerland1,Switzerland2,Vietnam0,Vietnam1,Vietnam2
0,0.0,-8.945289,17.982065,7.4814053,21.515993,13.427119,15.293046,-19.179077,-7.6375904,27.741251,-22.127516,4.4331646,-32.49691,3.3550763,6.8317776,2.5617864,-3.6987658,-22.137035,-17.731316,-35.028084,2.3293116,-7.1961007,-4.435173,10.88008,-29.0424,-10.586373,-12.3175955,14.087885,0.5392161,29.484497,-11.8469305
1,0.0,-7.060218,-11.581836,-14.252477,9.437907,4.295808,19.669489,-20.826391,10.175535,-19.870016,-2.3446882,25.949778,2.6502585,-12.13937,-9.391514,16.091187,-8.335275,-2.4474514,23.697691,-40.870075,-0.14131755,2.732434,6.339897,25.189117,-27.14427,-28.207075,4.8172126,-11.216895,39.235645,8.996973,4.7080965
2,0.0,22.845903,-16.15525,-0.112904295,-26.31041,-6.332382,10.646675,14.254643,-0.3878443,20.567717,4.5658913,5.972122,-28.806952,-46.080494,9.176047,-20.370499,-10.953628,15.21547,9.853019,-3.961272,-13.527837,4.306683,27.155077,-5.8986354,-9.454301,-6.053197,-6.8336864,10.692783,28.067701,-7.2526627,2.3522806
3,0.0,5.900351,7.8451633,-11.952667,-50.02643,-1.3831196,-6.33137,27.423111,-11.938446,27.36579,26.480495,2.5489633,23.500786,-22.91757,15.512564,-13.22137,-40.04509,-0.9925209,17.89251,-5.964044,-12.144524,-23.260101,41.48738,-7.834627,-11.005239,-11.44765,2.1370168,-39.22873,49.1724,0.19243805,-7.1781206
4,0.0,34.96096,-9.711546,11.295752,-8.720233,-17.022348,-4.9883,11.992217,36.886124,0.1530751,19.591465,4.7485437,31.895338,-38.170605,-3.190012,-0.710762,32.078938,-6.898213,20.118185,-0.6357169,17.373621,17.079096,8.464021,0.3262004,-32.26416,-3.8145528,9.476726,21.350224,-24.145798,8.729917,6.2549505
5,0.0,35.812344,-9.808854,-15.512713,-20.803692,-20.809025,13.413425,-8.961953,-38.307354,1.6264623,-3.6850452,36.214863,9.7028265,-16.570393,12.105776,-2.9898608,3.9511337,22.501026,10.075949,-37.71536,-4.5251117,11.40153,11.507244,23.532259,-20.012957,-12.967308,-11.884578,6.234492,-28.233768,-1.0396392,-3.2881138
6,0.0,1.0152608,18.842981,21.129505,-20.73054,-16.48627,3.4916518,-11.218163,-9.307293,21.027166,-32.144356,4.942071,0.7348178,-21.103193,-16.166946,8.074612,41.62412,11.62648,1.7528824,16.048819,-2.303976,15.528655,16.52933,24.277523,-29.38033,28.576672,14.142605,7.018608,1.7564089,13.468248,-4.0591254
7,0.0,28.335386,-15.344928,-9.691738,-5.3024883,8.383204,-1.7997388,-15.754422,-12.77816,22.83569,-2.200285,35.68954,9.869717,-18.659737,-2.1099248,-29.732643,14.7457,12.963558,-2.0978608,-51.77132,-3.7387073,0.96658057,14.436699,23.292929,-29.427128,-37.331776,2.2320461,-8.613466,7.204802,-16.214514,20.63341
8,0.0,33.681847,3.403947,22.396755,-4.4271894,-14.200747,-27.670134,-52.765743,-6.085474,-2.0558393,-1.7561561,31.169964,12.728385,-56.773773,9.764545,0.37776652,-41.440735,-6.33886,-0.033785995,-21.934713,-4.8096204,-19.44489,17.45975,17.74841,-29.82369,10.497907,0.27763093,-5.209729,6.0723114,18.368748,-26.552408
9,0.0,4.743345,37.681835,-12.740511,-7.5216417,-8.503326,-47.499176,26.413807,9.87501,21.288786,14.797027,17.61314,-34.26739,-9.093503,-9.62402,16.92999,13.794729,16.988876,24.375519,-18.758574,10.495215,-31.40765,29.674608,-4.944383,-2.9997096,0.34927794,-14.0994425,15.470275,-4.0378547,7.2794585,-37.80946
10,0.0,-0.2761268,5.4313064,-7.6239004,-22.389708,0.73940223,-12.033087,17.837402,-4.5702796,10.050783,-36.554565,-2.779468,-19.402115,-4.558492,-36.920925,2.478625,-3.3952944,22.31292,-15.453667,12.428428,8.397578,12.263502,39.74072,-9.001433,-10.063922,11.033075,0.45899165,0.24642369,11.158725,-18.070786,19.978973
11,0.0,45.997684,2.713743,12.45882,0.76718634,-8.9332075,5.0137906,4.6102157,7.654824,21.04472,-37.89525,-1.6080437,-19.899517,-47.423676,9.864375,1.1784586,-3.6311662,-14.268081,2.393101,-13.159532,-3.8278646,9.524331,42.793125,3.078449,-6.537047,-20.94635,-2.7930236,-21.113834,13.577087,27.513117,-9.226992
12,0.0,33.07497,-14.330581,0.20221573,-28.81537,-3.529912,-19.598671,15.100028,39.188236,-5.224558,42.65077,-14.886245,-0.97466856,-50.87297,10.670025,3.3536863,-5.125372,-4.2063227,16.103483,-46.633873,12.580129,-15.329356,37.9159,-11.791375,-6.5567355,3.2797484,11.774371,31.512812,27.466545,8.86289,-11.713518
13,0.0,29.544752,-15.956846,-7.776453,-22.806276,-18.992668,15.260042,-16.75685,-7.617961,31.502144,-4.5201015,23.477165,-8.602594,-58.105648,-1.0771472,-7.9427423,9.015773,15.773623,12.304906,-16.757708,12.534291,2.9030724,7.5509887,4.3839893,30.59791,-3.930666,5.3056054,10.310154,24.878462,-14.38787,2.111457
14,0.0,23.704386,-1.3911613,7.747021,16.33718,-16.638594,5.867822,-56.83239,2.1513832,-8.358004,-19.789686,14.185513,-9.571359,10.969025,3.2938683,-6.6825805,-4.4575744,-19.094566,-1.6785358,16.410192,4.6143317,25.968649,0.83874494,0.26342815,5.948816,-16.459135,-23.738924,10.392658,5.269485,18.016054,6.7333536
15,0.0,-37.25723,-6.6646357,9.900277,-18.994938,-27.656967,12.549231,12.223756,-24.741392,8.418371,-9.649324,24.989973,-16.125954,-8.281246,2.423781,-21.768433,-12.76208,15.133602,12.065571,16.776232,6.0310683,29.526888,-0.5691824,9.523072,-38.34924,-15.326215,2.28368,15.67136,34.352684,-6.849351,-3.1682465
16,0.0,-28.357418,-14.223429,-15.03723,-6.787285,-17.701311,30.894247,-15.0640335,6.733121,-3.6354957,-9.736081,-3.2883072,-28.01268,-31.046705,0.5014316,10.945264,22.257456,-3.3645813,-21.497656,-10.303321,29.269135,10.8536,6.547993,0.2343165,-32.919643,-2.6836364,-23.85756,20.6544,4.7398844,-5.2661743,-20.777502
17,0.0,-26.705393,5.3657284,3.6065755,-17.054474,27.831533,12.606147,-24.965242,16.372723,-6.0140967,24.32252,28.622559,12.215868,-56.062767,-0.6346641,-1.4384245,27.217638,0.45379978,-21.056059,-54.872395,-1.3440211,-12.213228,9.384372,25.610592,-25.328196,8.636894,-17.68296,27.703321,27.895798,0.7400018,12.942729
18,0.0,-1.3024986,23.45657,15.214242,-11.444872,-1.1455414,-23.135117,-20.89624,-8.159792,26.500467,-7.227159,33.855797,14.842716,-6.7814875,-37.88903,-7.006475,19.042109,-25.521612,2.9876628,-29.246048,-16.398901,15.647147,16.174936,14.61343,-29.395746,-15.126749,-8.400076,18.37874,10.772487,14.886514,-2.2608702
19,0.0,-12.429853,-4.9678965,-35.768303,-33.926216,-9.354056,5.9568806,17.784939,-9.07884,32.501263,-9.780986,24.007946,-4.5710616,24.25521,7.09729,-0.23120679,38.300854,-5.9457545,15.852211,21.542994,-1.85126,34.176254,2.4266052,29.64095,-24.437628,-5.056364,-5.8801985,25.643353,32.761833,8.519808,-13.728455
20,0.0,-6.9394927,-14.845376,-5.224511,-5.7572737,-14.213406,31.310377,14.146568,-5.5444546,17.51314,41.76745,-5.5144315,-6.819503,17.81012,22.54922,6.556215,-19.304668,22.922756,6.916962,16.50525,8.340164,30.897678,-12.443363,18.286772,-31.67806,-43.63375,2.2769759,20.307478,24.817602,10.072784,-14.42502
21,0.0,39.725918,-9.952933,1.9302229,-37.960423,0.17829815,19.720629,-13.651563,-10.127546,-4.693752,9.660062,2.8273158,12.560416,-5.2978683,19.22466,-19.028683,-15.608494,11.649377,9.726296,-9.015444,-4.233127,-4.918788,41.276512,-6.3923597,-5.388621,-43.133423,-8.539072,7.1541505,7.855718,30.142477,-10.2708645
22,0.0,-15.189347,-19.383198,-17.862637,-29.150574,1.0499034,19.144588,-19.83487,-9.669954,21.697784,13.776475,12.11929,9.368992,3.873069,-38.49403,3.7415416,-34.143948,-4.0105615,12.252893,-23.794237,8.72585,-11.331485,-17.192722,16.648266,-26.965878,-46.079464,-2.9397767,1.0940168,38.163414,-2.1836221,0.79085577
23,0.0,41.46979,-4.3637195,3.0839083,-5.784124,-4.8072352,23.341257,24.877216,-13.507832,27.804514,6.6314187,30.240435,-20.371258,-50.32696,9.4692,-9.454509,16.93094,13.202753,4.360815,-5.4535875,1.990306,-6.301191,11.412313,14.605472,-27.100458,1.1168522,6.667897,6.243575,-6.6154685,27.191137,-26.664448
24,0.0,37.564606,-3.4556532,-5.9441056,34.177845,1.8182092,24.10995,14.324038,-20.55846,2.4154036,-9.588825,29.413345,-11.726193,27.14999,10.447475,18.248972,-15.795124,-11.44965,-19.841429,-19.995157,11.181809,29.222033,7.9014673,-3.7787635,-31.139008,-44.06722,-1.9432029,0.95396626,21.296637,-7.2175155,12.921017
25,0.0,-13.287079,14.196409,30.598364,-4.458556,-8.722361,-25.600718,-7.8748555,-4.124446,-11.968012,2.6202488,0.6786382,32.156345,13.196325,8.724127,-2.2154365,-11.378587,0.13100687,-7.2548223,-3.2015288,14.175361,-13.314486,-11.155408,15.070077,-30.271784,-18.293417,-19.732079,14.637758,13.82648,-8.10309,-9.38184
26,0.0,17.293034,-5.093059,-15.98542,2.3798025,-25.217674,23.527584,-6.349856,-3.2982998,33.85195,10.059748,-36.140408,9.928723,-50.74668,7.5848837,-9.845009,-52.958153,-1.3462826,-6.85699,17.190767,7.639571,6.0165253,31.290516,-20.273148,-11.548972,1.5853235,-6.8071213,-4.273779,15.75197,27.076513,-9.386586
27,0.0,25.589083,-13.159031,-0.7518339,-14.503119,0.77458996,-13.643321,-15.520594,-11.946887,28.575176,2.8945239,22.81077,3.1245487,-42.23497,-0.7531583,-13.567838,19.742819,12.955525,-28.546288,13.5468855,9.684775,2.395039,5.192172,24.59143,-24.57905,-21.017776,5.7631855,-19.079912,25.807611,-15.720542,11.700793
28,0.0,-14.622854,22.67327,-9.954106,29.693338,-8.924701,18.60463,12.091683,-13.03478,28.995853,-23.07946,6.0256643,-30.715008,-39.531677,-1.6670148,-12.987129,14.830229,10.393617,-27.21956,-12.855782,-7.964903,-24.982237,-11.799529,8.799255,-19.258366,-11.682295,-15.528208,-13.918477,-15.5117,0.8735822,-16.913677
29,0.0,21.44944,-9.147632,13.09281,7.833671,-1.8053178,14.475978,30.381636,-13.228267,17.837223,4.7278233,22.522022,7.187415,-52.238605,0.9488118,-10.819361,-9.493585,11.114232,-6.5517898,-8.826847,-9.337599,-8.869451,21.559608,3.123447,-23.241026,-56.19028,5.188756,-8.735703,24.47131,0.28854734,2.6105762
30,0.0,12.88745,1.19062,10.875176,-0.19323467,-18.870457,20.817854,-17.277124,-9.943232,21.351011,-28.817421,-8.572955,-14.458674,-51.834686,-0.38895682,1.2255965,18.92829,-4.0747123,16.536606,-16.382437,-21.147694,-19.094267,28.583988,-22.379644,12.7922945,8.027539,9.87359,28.648535,12.292323,7.1020846,-10.283488
31,0.0,38.084858,-12.994249,8.522053,-47.066345,-11.234423,-7.157253,-41.441452,3.3857603,-6.462805,-1.2414676,27.387495,0.9049304,-43.226578,10.399221,-17.079323,19.692163,19.292774,-9.609317,-14.542878,10.464206,-13.16337,30.716911,-6.102256,-1.0872078,4.8150654,10.057567,30.148344,37.704533,-0.9763793,14.837887
32,0.0,15.688757,-17.559845,-12.871944,-3.1372244,-24.143692,31.403,23.243376,-12.107016,21.62978,44.98577,4.5239916,10.324553,-8.453625,14.906944,-20.98472,13.129329,-7.060506,7.4071712,-43.066925,-0.2908732,19.47581,56.046417,-5.832669,11.1245365,-3.9344947,-8.71045,-16.809788,45.525818,1.0037569,5.7285504
33,0.0,48.793613,-10.423484,8.648751,-38.490116,4.1783686,17.54812,25.001543,8.423144,8.366263,-12.056708,-21.663624,17.894695,-3.484594,6.4998803,-23.21913,8.586359,-6.2697477,8.857161,-20.995718,9.811567,30.269632,34.25622,1.6458868,-6.1205883,14.631431,-4.0679173,16.280813,19.448032,-11.683006,3.7347054
34,0.0,-16.289783,-15.196318,-14.638,-24.479797,-11.103793,10.736699,-18.330164,-10.390631,24.621725,-8.727002,3.644858,7.4811125,-24.034449,17.47712,-12.427911,9.611063,-3.8599007,11.499766,-12.046146,19.966846,-7.4245663,-2.38308,16.843668,-7.898029,-2.4275637,3.9465313,24.919676,14.908022,1.3566917,-20.364332
35,0.0,-4.33802,14.911909,-23.86964,-1.7508507,9.323602,15.868491,16.452034,1.1443882,5.688612,-1.7459767,5.840755,-38.71843,6.54695,-4.3707156,-0.60045505,7.8163905,-6.177569,11.757865,-32.66995,-7.921793,-0.9784359,-17.764986,1.4171164,-22.302296,2.277685,11.111699,25.407047,-8.792524,7.301468,-17.471014
36,0.0,17.05888,7.8399844,-21.136826,-34.66728,-3.5585148,3.6148162,-16.932827,-11.98854,20.837957,-11.762341,-5.6033,-37.91216,-8.749154,1.3186963,-14.645627,11.331884,0.4204922,2.9775968,5.5821476,-37.39079,-0.99351066,31.883965,-1.6304889,3.8883064,-29.504408,2.6340463,-4.091776,3.1973677,8.667869,-4.9497156
37,0.0,2.943897,7.4998183,-0.6250326,-13.948491,2.506683,12.02589,6.6689672,1.8029572,-10.927874,3.5707042,33.76782,-20.82257,-4.6841097,18.34403,-7.05245,-6.9724374,21.839624,-2.4754572,7.0276985,-37.44047,-1.8183396,-24.374037,12.695507,-25.360764,-23.35502,-13.367321,-1.3346121,5.7197995,20.15997,5.7156076
38,0.0,26.738785,4.617848,-25.4537,-46.807404,-13.899257,-4.4861593,23.960022,-8.102347,34.68117,2.479163,-1.2068322,30.270115,-52.695683,10.051806,3.2912765,-21.548992,1.5978386,-34.844383,-21.536404,-8.55021,-9.239996,5.167724,12.775354,-11.164483,-0.7536118,10.905335,34.769077,26.684958,10.854926,-5.682477
39,0.0,-18.993053,15.52685,-0.92483807,-34.93627,-1.2027584,1.8241887,25.928587,-6.737079,34.425243,9.047601,30.180899,-15.6538925,-45.85234,10.070975,1.0442717,-16.852512,7.6557384,-9.06517,-53.187973,-2.801145,-3.8570592,-18.585161,19.10485,-19.120382,2.5350816,-13.185261,19.337523,40.61305,-15.08552,13.073315
40,0.0,-21.016582,6.168608,-15.238589,-27.221731,9.76215,2.5583162,-22.578379,-8.195386,25.455599,32.446266,9.611572,-8.586951,-5.3973827,-28.559341,8.175964,21.243721,2.4546945,-5.3726664,-48.8525,3.9944193,-13.726019,14.569991,19.887085,-3.8017266,-0.2758706,-9.876341,2.1249561,15.418645,-9.031598,9.205269
41,0.0,38.670757,-14.053548,14.419102,-32.47311,-10.993358,16.493698,9.276539,-26.140831,-10.143129,12.0276165,19.384586,-18.405334,19.171772,14.538465,-6.054525,42.838867,-5.703702,19.631641,-25.848053,16.2623,-24.609505,6.458511,16.88668,7.8579264,-15.4267235,4.5173907,15.809286,51.457024,0.90595055,5.1698
42,0.0,19.047808,7.631827,13.36425,-1.1674036,15.2132015,24.369417,-15.906322,14.719893,-20.160583,11.757692,22.400993,-31.481693,-12.593421,-10.75809,-2.933235,5.988419,-2.2791994,-9.3009405,13.565585,-23.958652,18.234741,12.451585,16.858362,-4.1271,-19.602554,-6.1926384,13.440192,19.208767,-7.7730455,1.9220906
43,0.0,-15.152509,3.3526924,-28.620317,-31.244114,-1.8230996,3.2919636,-3.2760844,0.19828999,-10.277161,-7.1986227,-3.4024804,-15.919725,-37.29131,-4.924024,6.880007,14.487915,13.419302,22.772333,12.161168,-3.1042717,14.245649,2.8202083,0.85434186,3.2885497,-7.5495954,-10.849026,14.014874,13.781894,-9.469245,-8.899747
44,0.0,-7.453911,34.015896,12.971256,19.13413,6.3213344,-23.60574,4.477649,6.897999,9.278381,-7.6663265,3.9738116,-19.560715,3.03492,-38.097218,-6.0286937,-23.479445,15.400858,-20.46386,51.741234,0.9403674,16.768873,15.709589,-2.8470109,12.541546,-29.660097,-4.440514,0.38648054,14.984775,-6.565499,-12.931121
45,0.0,-0.904705,11.085325,-33.184822,-2.620059,-29.077984,-11.017884,9.902456,-6.6629176,19.819576,-23.805943,-17.745766,4.8275843,8.177172,-41.189434,-3.4200597,-27.263643,-10.30464,8.91436,49.84309,1.1188499,16.509237,11.834455,29.972431,-17.566662,-21.12438,8.743036,-2.8405097,-38.541367,1.970556,21.297537
46,0.0,9.174976,17.430206,-16.966564,-51.582962,8.301958,-1.6489499,-11.015628,1.5711012,-13.583234,32.946194,12.773821,22.843285,-17.882235,6.596071,-2.4163048,-34.10602,-17.674667,7.4427323,8.232402,9.912393,-43.016384,34.57462,16.467339,22.702066,1.4943993,8.819674,34.581654,24.97145,-6.0392137,-23.21376
47,0.0,-11.388546,-9.231073,-32.901634,6.306476,6.187323,29.235828,4.396982,-4.324954,22.197763,8.622856,17.737726,-32.368004,5.00694,6.564139,-10.448566,-7.780873,1.7427548,-1.2867786,47.14019,0.43818986,19.281893,9.77492,15.94406,-24.17126,-36.211464,-1.6822128,-3.9811769,19.014833,-15.205521,11.915506
48,0.0,21.579418,-12.18176,-0.37017205,11.012176,-3.6425776,-3.7882078,-16.655458,6.0644145,-27.235685,-8.797114,-4.558387,-14.851456,-21.928577,0.30998194,-18.803207,-1.1328739,-18.173374,4.3612337,47.076244,1.8219647,8.849494,6.8568945,16.873175,-19.840271,-7.4508634,0.3563971,-11.994914,24.221615,3.0038233,7.8781867
49,0.0,36.79156,-7.0533004,1.051187,-14.418099,11.596711,26.246294,7.788931,-16.969767,25.825617,3.603029,-2.232891,-15.3735075,-45.748436,6.870318,-12.909286,-56.3984,2.932523,-1.7529634,-7.2643046,0.9323072,-28.956047,-9.124086,9.60364,3.1802933,-18.505613,-8.95602,-12.794488,25.20187,-5.556683,11.095715
50,0.0,-20.512058,-14.204109,-22.613214,-10.445757,4.290145,22.175776,-50.668907,-3.7713764,-1.8173991,-7.3197074,8.78815,2.6721332,18.452448,13.492108,-0.62404245,7.8225517,14.455627,4.282154,19.537441,2.930825,23.413692,22.775871,-4.9414554,11.349503,-34.79284,6.2667174,14.399633,33.01126,3.7711296,-8.678728
51,0.0,16.760038,-15.308647,2.0287535,8.079198,40.52366,-9.934645,-19.836502,3.0194013,3.340974,26.976694,-22.163918,-2.715712,-14.323786,-0.43311152,-3.3137324,8.1954775,-0.8061583,-6.1768603,-18.745146,18.363401,-17.472334,-17.740583,21.637367,-28.520884,-25.04688,-5.2847176,8.624338,28.116634,-13.29423,27.79617
52,0.0,8.450389,-10.598615,-19.473816,12.0645,-0.88059515,30.41453,-17.10385,-8.419368,27.233051,-11.982885,23.930498,19.45625,-13.717431,7.884311,-26.491508,-28.581758,1.8586386,15.345078,-0.31071067,10.403847,18.041998,3.745761,13.3387785,-21.786646,-22.11876,-12.642573,-13.048026,-7.859548,18.62077,11.83026
53,0.0,31.170078,-11.312906,-0.85461,-19.710972,14.541411,12.6900215,-45.340782,-9.414119,-1.8185198,26.13546,-20.966728,-2.8326218,-28.973621,3.8092022,-33.852577,-4.387026,-7.9494905,3.4379113,-14.810125,-1.5658654,-27.600285,9.249201,18.7586,-23.822636,-42.8457,0.06417396,10.565829,-9.802211,-5.0027857,-33.509117
54,0.0,25.83626,-18.819231,4.9225383,-8.976967,12.433354,36.3903,6.464863,-26.548775,-15.116437,-1.7784529,11.333898,4.400503,-15.345469,-23.179352,-4.020008,-8.191978,10.582033,9.496773,13.341626,21.642065,10.663411,0.67890805,6.7320294,-23.363106,-40.985188,-0.29715863,0.64001715,-3.8959277,-7.6988273,-33.909115
55,0.0,18.171103,-24.169432,23.584227,8.922446,-26.571756,18.582878,14.338252,-21.82013,4.049564,2.6796432,20.292557,4.5689692,0.3407884,-8.357504,-5.9689198,-12.416457,-24.078392,-10.255421,-3.9640503,18.429996,-20.825012,-0.54799837,15.019813,-33.78575,-6.6094823,-13.6465435,17.357645,-12.184839,2.7553847,-25.692543
56,0.0,7.2831535,34.840004,-1.016994,-12.761913,-5.4606776,-20.954723,-19.675932,9.691188,-5.597689,-44.305656,4.1615734,21.006859,6.7460213,-28.048618,-1.8707622,11.966685,9.325292,14.351591,48.857918,2.0641508,18.216509,6.1879525,2.6824172,-7.139491,-46.06517,-13.119818,0.9857938,24.470896,-5.9122977,-1.8655261
57,0.0,28.939955,-4.1339793,-12.423124,0.97703356,1.1631963,23.033644,20.6124,-2.5529134,30.973654,-15.001261,7.631184,-22.436117,22.447569,-2.298126,-27.907751,-0.63073206,-10.762331,-18.269201,-26.507633,-3.73541,-11.052148,-53.854763,-4.397687,-10.18243,1.5774286,11.214818,33.970905,21.734133,7.546737,-6.762393
58,0.0,44.657986,-6.724471,7.4373193,-16.61344,-30.269426,1.705209,5.0614223,-26.051197,-16.585135,18.772226,20.724684,-29.089235,-47.504837,7.3324814,-18.534727,-9.697792,20.213476,-20.796532,-48.40375,-9.135753,-4.069435,-5.9226356,10.135425,-27.186874,2.0570986,14.220093,32.90692,29.589344,11.073742,-7.10262
59,0.0,23.936895,3.0295215,22.90479,-27.57406,4.1883307,22.33879,34.41478,-25.803812,6.3610563,10.727842,18.996607,21.508097,2.1550705,-40.928,-0.86962044,-55.021633,2.0573516,-3.5096278,-51.745182,4.219626,-0.7869805,-5.0070515,17.91428,-13.552318,-1.4435987,17.076426,-19.973621,29.741821,10.725121,-9.268999
60,0.0,15.731909,-15.596474,0.120339245,-15.644152,9.170412,-29.47753,6.815053,-10.967457,29.999344,32.220844,7.265817,-1.6065564,5.866318,-36.381832,2.5157866,21.298344,3.8918853,11.516844,-26.741182,-9.917566,-6.7233896,-14.499815,6.5430546,-35.47648,1.5057038,15.764633,34.154274,24.084867,7.954651,-8.432052
61,0.0,18.70192,-11.5516615,-1.4815327,-11.253389,13.754034,-10.03533,-22.002386,-6.855351,-12.926693,13.132481,-20.752872,6.6861057,-14.384426,-23.46157,-3.0424778,6.7038064,-22.628778,22.053827,53.749096,0.5656243,16.377237,32.266357,-0.47148803,-9.81474,-3.211718,9.156639,29.098185,-7.368792,13.682227,-28.665329
62,0.0,21.302242,30.115765,12.132715,5.0216165,13.438087,17.927418,-20.279343,-5.4729786,-13.715475,29.594126,4.723642,21.395037,4.0642457,-41.336784,3.4862206,-43.75169,-6.03619,19.577688,-31.00934,9.500947,-5.6499367,14.381616,19.39377,-26.70393,26.36777,6.6220965,13.322508,-31.06386,5.1875353,-20.120327
63,0.0,10.161477,38.920143,-9.461893,4.8079624,12.084589,-24.217754,18.890862,-14.939361,29.454428,-37.36402,6.3301506,0.38013068,9.853785,-41.92291,0.9629904,12.697502,-0.73725665,-4.8677607,-18.571291,7.0864463,-28.832382,8.859994,14.089303,-20.044167,-29.172014,5.146044,6.124858,25.24503,1.0067692,11.30596
64,0.0,27.391554,7.2058167,22.680672,-18.288351,4.9703274,28.607365,17.363098,-7.8506517,25.105003,-15.817859,-4.544426,-2.9691007,-3.1515641,-36.529026,2.0349424,16.869534,-1.9021763,20.847305,-13.962648,26.67433,11.210833,6.2286997,-0.605685,-39.10866,-6.2804475,-7.7356453,12.563734,-23.948372,-9.031097,-22.127161
65,0.0,33.74544,-19.581497,2.2034829,-1.7508262,-10.092942,-20.417286,8.161016,-19.468645,-1.8146958,-4.962668,27.34156,2.0103436,-35.05208,0.41918427,-9.18796,21.176146,-7.103339,23.074728,-7.8066125,6.7261405,-21.802422,4.5493608,0.05365694,-37.18943,-20.84318,-0.6477119,25.746439,-16.174097,1.4498221,-38.184647
66,0.0,-14.260155,7.3423624,-2.2411044,11.91173,-21.888514,7.5581527,12.902265,-19.543947,-4.9138184,32.163136,1.6803015,-4.2530885,14.263889,5.3658137,2.119468,-6.410212,8.104129,-37.54086,5.503396,-8.966054,-2.1597035,10.0543585,-3.2775972,-29.301296,-1.3980753,-19.882515,34.47255,34.569107,14.626123,16.7856
67,0.0,-16.589489,12.041397,-6.974861,-20.748867,-8.413212,-15.460523,-20.759268,-2.1180272,-23.552298,11.5794325,37.512917,-11.15128,4.200877,-40.131615,-2.0562184,-14.585212,9.907692,7.460635,-27.40806,3.4708385,-11.625614,1.3954862,9.425024,-12.805114,-4.6146007,16.113037,20.632652,26.98595,1.78826,14.712416
68,0.0,-54.52727,2.381913,-13.073063,-20.389887,-1.8587323,16.568434,11.086098,-13.680629,14.974093,25.959873,-2.3313522,18.933428,-8.054685,-19.077555,24.487804,10.586762,-11.010202,4.166478,25.676514,-7.9570646,20.798475,12.783737,17.826479,-32.78175,-51.093735,-0.42490545,-4.1758547,5.3288627,28.938663,1.3549002
69,0.0,53.574345,-0.4417131,12.35114,-24.168367,-4.3207808,17.57065,-42.735615,3.6818433,-17.34707,4.8560023,22.962534,3.6898882,5.1117215,2.4017634,9.632585,-1.2842184,-16.74391,-4.0684943,-41.826656,-6.1409726,-2.195115,2.4910448,0.25323257,-11.6800585,-20.820496,-9.769294,-27.200394,1.1832983,28.787292,-3.5457647
70,0.0,-27.010805,2.377484,20.24945,-43.060955,-3.3682485,18.226364,33.955,15.770521,5.5068665,1.8943007,18.374096,3.0299919,-49.93493,9.868709,-17.758812,-19.562572,9.402616,-22.67188,-36.413612,-1.485297,13.578044,27.190773,12.470962,22.221987,-21.605906,-8.433916,-27.206898,5.8763785,31.86783,-4.946196
71,0.0,52.407898,-4.7839675,3.0606318,-42.959045,-4.013617,15.114554,-30.384796,6.154384,-3.7771237,0.4701515,25.849655,2.55272,-8.603411,25.967577,-25.857075,-21.179052,21.178644,6.8583775,-4.234617,-6.752331,-13.476397,21.951681,-16.624054,-5.2628126,-2.0724669,2.3068876,21.095053,17.626457,-14.518782,16.099522
72,0.0,16.763111,13.520199,-26.46706,26.3835,11.981827,11.275358,-34.68639,-0.3543155,21.752592,0.84396625,26.62084,5.371589,-50.267532,8.434912,-18.423695,-5.694109,-21.28407,-1.7641095,12.757583,-0.8043559,-2.7599869,11.089897,8.678416,9.293574,23.629717,8.360297,15.446755,48.008015,-7.878196,21.919874
73,0.0,2.038367,11.299734,-37.09229,47.461647,-3.0299833,14.641794,33.712368,-21.887571,3.2614832,-26.098457,-25.057257,15.983162,17.24998,13.88459,9.514697,-38.941822,-2.8140793,13.900631,0.6388947,-8.136318,6.690619,18.425465,-4.7704167,-13.496897,24.907137,4.713583,12.247652,0.31277898,0.16257869,-39.435158
74,0.0,48.223248,-4.9087334,12.16617,-52.654068,0.7165739,-1.764207,-19.276442,-15.336324,-2.9001555,-24.542233,4.28239,-18.731585,2.3035734,14.103594,20.967127,11.877576,17.3326,19.48118,40.638973,-5.8297195,16.006153,2.6510441,-37.025566,1.3147955,-52.3268,-3.5492983,-20.040894,12.053467,28.718826,-9.78996
75,0.0,-29.612684,-8.578518,20.911554,-15.878025,-1.7491332,11.678688,-19.279417,-16.474464,-3.8870833,-18.17413,4.829276,17.127815,-8.278998,-21.39545,-12.175694,12.545999,-2.744052,-0.40692106,-15.159572,4.8697395,5.796578,-1.5072159,1.302398,-1.0453982,-45.862896,-0.1401449,-4.866336,0.99806595,-12.315431,-34.740242
76,0.0,-17.493774,-32.431538,-0.86343586,-25.789051,-3.2221243,3.6487422,30.730038,-10.022914,32.286755,5.0248756,-1.6030737,-27.04463,22.367931,8.215315,-0.38149038,-19.220129,9.848244,-13.12719,-14.093709,13.376365,27.631681,-7.372749,-24.561646,7.183897,-46.89398,-5.60209,-4.993549,4.004641,-11.598513,-35.475445
77,0.0,-5.4188952,9.301881,20.20991,-46.39336,-14.265622,-2.7891588,48.65293,2.1364555,14.295386,-2.545652,23.09176,2.9656906,-22.393795,-9.809072,-11.136618,-43.64939,-4.1498966,-7.3270993,23.572794,14.389016,-17.406128,-5.218812,-32.228226,-2.6455567,-3.8573098,-16.051338,25.392017,-19.71048,5.788644,-36.474045
78,0.0,43.83237,-8.21366,9.15883,-41.445286,7.37817,-3.1149986,-16.370024,-14.897657,24.289799,-13.491674,10.29842,23.731754,-7.1634383,-0.674241,1.6815083,-18.57007,-10.977338,-22.451986,12.872065,19.126812,17.942728,-7.9019785,11.014074,-29.047045,-39.880634,-5.7261324,-3.7477446,49.14379,-0.9924841,8.866422
79,0.0,30.783812,10.115915,20.399101,-18.99989,-10.96511,14.800703,-4.2866893,4.440339,29.099447,-29.01886,15.385519,-17.926811,19.92987,7.302498,-5.2742853,14.900876,-2.219859,-3.866268,-28.364548,12.721648,-16.70251,45.250988,-10.968923,20.959682,-19.091692,-23.494244,13.400322,-27.33796,15.506087,-28.280525
80,0.0,20.034086,-18.100725,-2.4927588,-15.871605,0.33842596,8.965988,-3.5088866,5.0204296,27.66647,-28.057795,14.017916,-32.3161,-29.52139,0.05115786,-16.191576,9.736178,-4.4287744,2.7639213,-13.101033,27.937239,6.573152,-5.1016607,-17.539145,5.9385147,0.6575575,-18.864986,15.320932,-10.188342,-19.41692,-18.177692
81,0.0,22.68361,0.6690517,-24.63319,-35.788166,-21.931768,7.743635,-2.7543123,7.2733335,28.615282,-5.0031624,2.324051,-14.560744,3.9935458,3.5069265,-11.129886,26.439625,1.9628601,-18.769312,2.345592,6.63714,4.3345323,10.534441,24.164906,13.727767,-12.758391,22.617992,20.400682,24.414827,9.739477,-6.520122
82,0.0,19.125093,-0.6069294,-25.410769,5.402169,-16.823862,33.973618,-18.69935,-17.862001,-2.2110987,-13.681821,-3.7679949,-1.3633078,20.880919,24.451809,-0.81989837,12.010565,13.499856,19.536053,-49.37316,0.46682554,-10.0036335,6.982973,23.20866,-26.029186,5.1186633,11.869578,36.339756,-24.904749,5.3788285,16.133303
83,0.0,21.671427,0.36332485,-29.336027,-13.606202,17.086931,11.819755,18.637732,-28.273726,-16.350327,33.115578,18.16009,21.936207,10.242823,-0.4841806,-10.540776,-39.558914,-9.061851,-6.3107433,-6.450672,-12.49014,22.95662,33.448776,14.679107,21.166761,-30.519203,1.9595656,-20.721077,-1.7829157,2.7514446,-36.30572
84,0.0,48.895084,-8.052168,16.264502,-2.6271274,-5.131506,32.106583,34.13116,-24.088007,4.927329,31.101837,3.2427208,32.58837,4.8143115,-15.7310295,29.948172,-0.4775993,16.863794,-9.185896,-6.7628717,-13.801196,22.527218,-24.366259,-11.119117,-9.9655075,-36.061066,8.966344,4.834923,38.34435,-16.300282,1.8875811
85,0.0,-25.71472,4.602934,-16.717915,-16.428415,11.956124,5.413088,25.102468,-7.149871,31.664846,-12.686881,9.283057,-2.4552877,13.976412,4.5208936,-2.0923414,-6.687335,15.394038,9.622187,28.555557,-21.816076,10.613065,-12.86504,6.64952,-6.9845653,2.1042972,5.5731654,8.469605,43.261024,-9.116005,16.090519
86,0.0,23.992641,-15.322582,-3.6766539,-2.3396888,12.478436,-6.9167585,-8.710338,13.6652,-35.64396,43.999233,-13.272781,9.2571535,7.05777,1.8682759,7.486521,1.1681005,-6.6110578,8.060114,-7.409644,-15.544515,-13.341448,5.7331567,-21.6495,13.389876,-22.008259,14.551173,13.936932,8.960136,20.322758,-31.120584
87,0.0,26.916023,-13.083766,3.8422248,15.477502,8.576961,20.911491,-13.119968,17.433517,-6.6806955,43.535538,-10.716016,9.250728,19.826147,18.557938,-25.099411,-16.512066,6.0231485,-23.21249,-52.158936,-1.4450581,-13.19583,-11.068753,6.4352994,-18.376198,-19.612558,-20.175505,10.832432,-23.888659,1.2515125,-6.443552
88,0.0,33.295883,14.647492,18.679617,-32.23814,0.7570326,1.2628927,-22.18805,-10.061368,-20.753216,42.276646,-2.1933951,5.867809,-4.655316,20.036325,-16.039305,5.6185646,-7.083845,-0.55977786,-18.306925,2.8842168,-36.31554,8.424644,18.103903,-26.114609,-18.794287,-17.028452,11.772505,34.79821,-18.015253,-11.280026
89,0.0,-7.5592113,20.452808,11.279683,39.962303,-1.2267888,17.118784,-41.25838,-11.51747,-3.003795,58.16944,-2.6660151,6.941977,-8.423904,1.3634839,7.7031536,9.530755,17.328161,22.71365,-3.2583427,-36.372158,-4.566,8.40099,16.176104,-29.48863,16.967892,8.953338,-0.21281318,17.26094,0.44682914,-15.844621
90,0.0,22.407547,-11.502509,-6.2638493,-2.4739773,-14.285251,-25.409359,-30.614058,-4.0832915,7.3377047,54.45493,-7.725511,9.031006,-14.290676,17.95844,-23.724989,15.500097,2.5325024,-0.83078694,46.020454,-6.7065115,17.00187,2.8925152,31.389843,-23.873066,-19.510544,-7.861935,13.357127,44.886505,1.5288416,7.787877
91,0.0,-31.224543,7.5463915,-20.477291,9.387143,14.036066,12.523491,-40.1364,-11.5876465,-0.78632206,51.04811,-2.9742482,5.9987135,14.126584,20.290152,4.406311,8.839369,6.8081336,-45.26697,18.652193,19.543352,8.540069,-2.1299295,7.7476416,-36.498096,44.776577,-2.247656,15.916416,6.870598,-12.7896385,-26.255737
92,0.0,9.713806,11.746444,-23.588703,-33.771507,4.586329,14.051869,-43.35521,-8.631135,0.009063588,-0.041618012,29.732458,-9.140926,1.5607985,-10.633417,1.3685391,-52.715084,12.209856,-1.8463718,-18.937538,16.137535,26.93662,6.3426104,10.110577,-6.6203556,6.5936885,10.475264,30.972282,1.0472834,30.163652,-6.219905
93,0.0,28.118433,-11.998105,-3.462326,-19.048405,-10.655709,5.9237065,-25.427635,-12.642404,16.59759,-8.030078,-13.993998,-21.031046,-10.443621,2.1438923,22.614017,19.066332,-24.867062,4.2264,-4.806815,4.180129,15.592435,-10.035811,11.590792,-9.658996,4.3881645,10.209734,33.66131,10.508536,15.413598,-21.296154
94,0.0,-11.726689,27.018871,-10.819131,34.827915,-8.032725,16.327267,-37.230236,1.3708119,-1.9288456,-0.66145134,-0.46864405,-20.529171,-5.549153,15.815541,-22.04168,-13.87166,14.764614,0.6783574,-34.884388,0.47798723,4.923741,6.9545493,7.1233993,-16.249846,-19.017649,-0.35413504,-21.863134,25.45358,-4.331883,-8.255263
95,0.0,-11.384027,28.998138,-6.301231,20.551107,-0.7916043,19.038025,-26.267284,-8.244657,5.7393966,-28.188135,-10.510217,-24.554842,3.512229,-39.569607,-4.215852,-54.471554,6.58758,-0.16972621,0.7482647,-33.43512,-2.5150542,5.564962,27.886503,-21.220924,-14.514462,-11.913969,15.807899,-8.709395,9.382213,-13.866916
96,0.0,34.250694,-15.73501,-7.7456527,-11.846504,-7.8991065,-13.688127,-14.035505,-1.6314144,-8.652962,-21.331154,2.4382815,-13.590155,1.4560932,-44.697662,5.808424,15.588254,-23.049044,23.242662,-23.4784,-25.434202,6.8504314,33.642235,-2.6838605,-7.313774,-36.15382,-6.8876176,4.0923243,-7.121059,-0.53936315,-21.153849
97,0.0,38.135166,-14.649418,-12.074164,20.292704,-27.5729,-15.389925,-15.837013,-18.135113,-11.604181,2.460861,7.9261646,-23.12299,8.226519,-40.728226,4.585457,5.6823554,-0.18365055,-6.9955225,-52.648804,-4.421658,-6.345692,7.336049,24.951263,-22.51041,-44.283855,0.42033312,-12.784874,1.0346383,-14.346986,-35.1654
98,0.0,32.931194,-18.12036,1.1290754,39.18933,2.735683,13.968111,-39.17159,-9.534121,-3.0317435,14.136328,9.788801,-6.8500304,-11.96185,-15.719446,27.275343,-12.600803,26.83927,12.0491495,-10.31644,-4.2771654,-21.411913,-20.033104,15.840857,-26.143778,-22.070002,-4.999772,13.344678,-12.047275,2.097386,-22.168732
99,0.0,29.778673,-19.322989,-4.8928175,3.7374392,-12.544734,20.763086,-39.679935,-9.037035,-0.687906,-2.0405931,6.2605634,-10.396925,-58.939396,1.444242,-7.4005775,-18.390287,11.228187,-21.512096,16.72336,4.394799,18.40164,11.792613,17.115822,-26.265303,-23.025795,7.2782607,-23.481667,-5.8648653,3.4523056,-17.657324
100,0.0,30.685709,-13.717232,-5.2359533,20.260658,-17.64748,-6.2770786,-28.664095,-6.2704167,4.9247456,-14.794328,-0.5499811,-40.772633,-28.626293,1.7626599,11.484357,-31.73535,-7.7371893,26.255625,-5.462778,-16.26048,10.093223,32.82127,4.4267592,-4.6337767,2.2289677,-16.769726,22.683369,-2.6978407,-2.3566685,-35.37044
101,0.0,32.20365,-14.362813,-6.5461035,-22.145836,-9.782017,-2.5273304,-44.50897,-10.273535,1.2275546,-10.31149,-0.41542906,-35.549114,-36.942802,-2.4092565,1.0334848,-33.961765,-8.092976,22.421839,-23.203764,9.91901,-15.53945,16.357311,22.895517,-22.398355,-22.013538,8.792172,9.826222,0.79184216,-5.3748975,-38.630272
102,0.0,35.915497,-16.757355,-7.486765,22.395418,1.041681,6.2616706,-41.51912,-9.133367,-4.3669066,42.96413,-12.360118,14.112567,-19.96484,-4.1474013,-32.150578,18.235245,3.6868234,18.980028,-11.788414,1.8691483,11.977479,-3.4725482,5.5746746,-16.455864,0.9534459,-22.587992,11.572277,-22.354593,-12.318972,-20.422165
103,0.0,33.263763,-17.362051,-2.93559,27.876225,8.56923,-16.338518,23.15767,-14.632659,27.331146,1.0278519,28.853268,-14.583005,-1.6671554,11.853322,-9.816032,32.87789,8.826626,24.915087,-5.0666823,15.611767,-0.29894856,-17.35346,19.516388,-28.849476,-9.431623,-7.098412,-4.727227,-2.0234816,-5.8564014,-34.65121
104,0.0,-58.021255,0.13265236,-11.8091755,18.984537,15.174577,3.6011837,46.30113,5.2027025,13.837327,-11.22938,31.841383,6.9173303,-46.411377,8.106187,-24.028517,11.980291,8.279444,-25.896528,8.443272,-4.237613,-1.3322197,5.990173,-3.0684948,-23.410648,-15.255729,2.224514,-24.47059,-0.8374273,-5.0889673,-36.301952
105,0.0,31.00834,-17.31228,4.9487925,21.54207,15.1007395,2.5102088,-20.988312,-5.6260347,-35.228436,42.073006,3.0218196,-8.5461445,-13.481717,6.289246,31.342035,-7.4496365,-17.173632,7.537362,-23.530918,-12.38659,1.5067754,-12.02386,-1.9020075,-28.53986,-14.319864,0.73887503,20.169321,-3.5441113,-3.9567094,-37.597218
106,0.0,28.015087,-10.819321,-7.9446135,8.821445,3.0812023,36.70498,-20.711666,-12.502305,12.031569,30.578346,4.2961016,-11.641169,13.317324,14.098997,9.167336,-48.209972,-1.8524568,-3.04171,30.198397,8.5093355,7.1408567,32.12808,4.9110656,34.364826,0.7533812,-12.112284,-23.041098,-2.3732555,-3.4485905,-38.208073
107,0.0,35.15913,-13.628936,-10.376991,0.48321086,7.8539996,-10.488531,53.574,2.844441,16.30066,-9.604419,-31.819353,6.36969,6.396583,-41.068386,-0.27647084,-47.19188,5.464996,4.534086,-46.19894,3.9466066,-17.007843,51.565865,-8.260549,6.749065,-36.026688,-16.984787,7.056335,-5.943154,17.114458,-4.303044
108,0.0,31.62529,-18.502869,-10.128079,24.243872,18.618614,4.952496,-18.957426,9.414763,-1.0538381,-0.8703311,25.229662,4.4391446,-33.180523,-13.86076,-19.891914,-14.08363,13.873607,6.4136653,-38.41424,-12.745654,1.5336375,42.362583,4.083521,15.230946,21.114067,16.825602,-22.83442,17.425272,-17.513792,-10.603696
109,0.0,34.27943,10.563274,-0.39216578,18.626566,11.212508,20.65636,-0.62216765,16.41453,20.38498,-21.237898,2.2276292,11.397352,-17.240803,-12.760734,4.3674774,-1.1347696,-14.218211,-23.958563,-34.465908,-5.8396316,27.800632,29.54275,-4.297118,22.953335,-8.867364,-21.496326,14.726993,38.379665,-1.684618,13.762282
110,0.0,34.3929,-11.178736,-13.716857,19.611391,10.711133,-13.79471,-38.546192,-9.009682,18.074488,-14.197251,-8.741678,-16.742693,6.5454025,4.9079924,16.717571,-19.693394,7.444402,7.674673,-41.25441,6.4943304,-6.95018,48.432602,-6.802528,5.347559,-1.7176925,-7.9658065,13.766588,30.819025,12.6723175,-10.4529705
111,0.0,4.8612995,24.341566,-28.076519,20.751371,9.685312,28.373775,-45.172237,-7.0892434,-1.52543,2.0615308,22.970678,5.3185844,-11.795,0.7959188,36.905907,-37.85631,-5.160221,14.441045,-15.66732,-4.3512144,-32.49553,-4.42533,12.667819,-31.454784,-17.446941,12.817038,-23.629295,32.25543,11.290332,-9.678232
112,0.0,27.43645,-21.966597,-7.924495,18.221092,3.7085521,21.681664,-32.14334,-9.421326,16.998426,40.866737,2.7840006,12.186867,18.952864,13.193148,-13.585979,-36.55868,-9.744802,8.608149,-3.2123113,-21.2316,2.154597,3.5972562,-32.966904,15.425103,5.0373282,-0.13759753,4.6924443,27.731455,12.077159,-11.282783
113,0.0,18.379189,-13.643823,-3.9498527,9.833609,2.7433975,21.883379,-39.666714,0.0064666993,14.127253,-3.7028224,9.153963,-20.617447,11.977805,11.943863,-0.9530292,-55.550327,-0.10474411,-4.6285233,-5.9123306,-8.511474,-27.780798,-4.242251,2.6050968,-19.504904,-27.556892,-13.908407,-27.624762,-18.03768,-4.8375196,-37.480206
114,0.0,37.432384,-15.537064,-7.0122557,13.336456,-16.940393,-11.960999,20.825235,6.390348,4.796082,3.0720558,25.333902,3.6482801,-37.914513,10.429102,3.9189415,-52.878582,8.982608,-2.895467,-42.56814,-7.477443,13.505144,23.67235,0.30831507,15.470716,0.9745023,-14.749172,-17.211565,-24.52882,15.606766,-29.343313
115,0.0,31.689613,-11.658929,-5.7267118,2.0064013,0.17111057,23.765285,-3.5134335,17.556293,19.95414,-2.2511005,28.644516,2.3757005,13.263546,8.65568,-0.13131805,-58.423935,0.25570434,0.5902324,6.734178,27.122606,-28.69532,15.706567,17.184647,-26.44042,1.0011767,14.486751,-2.311887,13.308325,23.891413,-13.805609
116,0.0,25.590725,-23.025473,-7.2487407,14.85703,6.442891,23.20209,-19.15077,-7.4268,10.482482,-16.45102,24.295576,-21.61507,16.430292,17.986725,11.072557,-44.55275,-8.229176,-11.411221,49.246452,-10.61604,12.714867,-1.5171084,6.8129125,-35.00604,-45.238693,0.009283163,-2.9829235,4.6107144,33.089157,-0.20789723
117,0.0,26.247896,-21.301723,-6.583527,13.043271,8.484747,19.191837,18.958395,-1.3281461,0.052577168,4.704225,-1.7935834,-31.569159,-8.628817,-0.112180024,35.933174,-49.948177,2.7631161,-18.213451,-16.582432,7.8290243,-20.26665,-4.498343,20.558598,-9.301808,4.071712,16.365149,33.69908,3.9335072,33.193836,-1.5052397
118,0.0,37.79633,-10.477013,-9.279516,16.846619,10.294241,20.348562,-15.2399845,-14.8039465,-1.4035928,-21.285954,13.099612,-12.458973,-38.207382,0.9663944,8.132949,-20.216736,20.632643,4.2708645,1.4752378,-21.223385,25.450136,0.49908707,-33.231365,16.716764,8.979905,-22.353317,19.320992,-23.77246,13.922477,0.20474915
119,0.0,36.725693,-12.611264,-9.865911,10.086557,14.248489,-30.959581,13.469651,-5.155458,27.460072,-45.457226,-1.4401644,-20.728027,27.439737,25.54261,0.45143226,-22.66588,2.4325588,-30.351,5.026501,-26.886852,21.019257,-5.408223,6.589447,-32.059277,-21.267946,12.469029,-10.213214,19.259762,1.6509669,-17.692675
120,0.0,26.022318,-13.222073,-6.2866807,10.091875,1.8837229,23.53695,-29.69197,-1.3832227,17.806059,-3.6647346,-11.119394,6.453173,-9.016793,-15.005321,-4.2872543,-2.7730892,-10.262957,-22.98362,-48.93502,-13.517076,-4.0973644,7.099045,20.675236,-20.520485,-11.923866,-10.050466,-15.611598,25.414316,-7.4768076,-15.012718
121,0.0,27.886156,-4.690625,9.94817,6.804782,19.39105,34.051895,15.884689,-12.287053,23.739143,-19.536936,-7.603137,2.773859,-5.0330453,26.395128,-11.359087,-4.4155297,7.8351107,-4.2364526,-2.070727,-10.547856,-12.436256,-14.239044,4.7135377,-11.383706,-36.631313,-19.15985,5.401855,29.511034,15.431695,-10.961191
122,0.0,-4.332856,37.55968,6.5516715,-15.768392,-10.4571085,-21.105305,-16.769878,-9.066591,23.578157,-26.32498,11.458096,-16.88201,-57.396263,3.7203526,-11.372625,-12.83583,-5.2058964,-10.272226,-14.0999775,-26.175032,-11.201316,-11.9420805,13.263809,-20.60613,-7.6376715,-4.4121976,8.726431,-9.295421,32.30376,-12.027
123,0.0,31.573889,-13.374579,-9.848319,-13.30324,-11.804615,-14.022126,32.62379,-2.8413408,20.512156,30.171232,-1.0784639,-8.9500885,-7.2974277,-2.9521236,-23.39553,30.919405,-2.0705068,18.047691,6.9724345,15.801894,5.7301674,0.32309818,-35.227806,-0.35591042,-12.553088,-5.0506387,2.9312234,15.162523,-15.928598,-15.144196
124,0.0,33.633625,-13.345317,-12.700282,-15.493336,-6.6362996,14.544001,-15.036395,-7.526903,31.773844,-46.294323,-8.759415,-19.210083,-55.3525,11.369737,-6.054977,27.026068,-2.3530629,-21.513592,-17.449257,11.520633,28.050894,27.505512,-16.4298,-2.2737572,-17.964064,9.532211,-19.810738,2.0306199,6.4294634,-6.4741945
125,0.0,56.441193,-4.047425,8.4575815,-30.56223,12.585961,18.830454,1.5425701,-10.3468,27.723484,10.682784,6.8220897,-38.696568,-12.352933,-9.759679,13.972158,25.55163,0.8507537,-21.759668,-51.795185,4.533617,-8.135431,5.7786374,12.085757,-23.08876,-21.262339,3.0121772,-19.532637,25.321487,14.911278,-9.964003
126,0.0,-40.06619,-12.989677,10.304686,-17.458105,10.586399,26.18658,-17.154459,-11.128057,29.738483,-10.071143,27.031841,-5.431413,-6.484974,-24.02804,-7.7049775,41.663612,13.061859,0.42432395,-3.6234934,-8.735504,13.097114,-1.1006386,12.986734,-33.208687,-18.807253,-11.519214,-25.972149,6.2956758,18.867777,20.929014
127,0.0,1.9242027,-36.886658,6.837937,11.992736,-13.576074,-2.1465802,-16.07973,9.184484,-18.107473,8.366478,19.852383,21.261736,-42.653973,7.058295,-11.8707075,22.15777,-4.093535,5.708417,3.6143906,-18.874989,19.004267,-22.409021,-25.206362,-3.411808,34.76538,-6.830499,24.686714,31.058542,-21.372478,-4.5204763
128,0.0,19.517813,-7.7367277,-19.097458,-1.1439563,-15.867624,32.65004,-9.921675,-9.766541,-14.009638,15.854268,-5.3459115,12.142489,-25.688623,14.566602,-32.036537,-40.59768,-5.470636,14.609292,-32.487972,9.151219,23.175009,45.521248,-4.778508,2.5219898,-32.13081,-0.45947802,9.806066,19.59824,-2.0975485,-18.510769
129,0.0,14.804174,-14.58583,2.0750437,6.020701,-0.18883882,-8.647132,-10.336391,4.3828278,13.984651,-9.591828,9.678384,-28.075281,-37.394093,3.3247793,-11.010516,-25.693085,-5.0162053,-14.995261,-30.389568,-7.5609574,8.732591,5.8027835,-33.717297,16.056803,10.981535,-8.6759205,11.192076,15.208531,0.38167655,-0.13849089
130,0.0,8.324566,-10.0339775,-16.889029,-6.778658,4.322593,-25.555428,-20.932423,4.0379176,-1.0995833,34.272835,18.632719,23.054157,-10.86949,-7.011069,18.617174,14.799141,-13.254843,18.070505,-44.669067,10.31818,-13.791417,18.505499,1.3089956,-27.398039,-43.356956,3.426165,-5.3829765,-13.886557,-0.9675575,-32.518265
131,0.0,2.0632677,38.48185,-13.37145,-4.5031657,-4.8036327,33.83965,34.9833,16.88066,0.807555,14.847004,5.4637094,-27.67668,-10.141226,-38.14242,-0.29653183,5.9221597,-11.934186,27.840078,-45.358543,5.3355217,-15.034131,19.606243,11.548585,10.174245,-24.175663,-26.193361,8.43059,49.754646,1.1304687,-6.3166428
132,0.0,29.91081,-7.9960966,-15.72972,-32.172173,-0.5773045,14.683506,-2.2965498,-7.1436534,-24.859154,4.6937413,28.330507,3.787452,-9.019953,-27.16176,20.483576,55.78755,-1.3149662,7.2832503,-37.138252,-11.637703,8.579871,-2.80044,12.565884,-4.597948,-17.53799,0.11903612,8.1011,15.703293,-16.85588,3.5635183
133,0.0,-45.932213,9.30596,-10.867427,11.8796425,-7.4474363,18.90488,18.120796,-14.8929825,32.406357,1.9110382,-11.968074,-8.867639,-46.800846,6.4879704,-21.298586,44.232292,-0.098420635,13.191528,9.817352,-7.136957,24.410992,10.722434,17.771606,0.93785524,-3.7106647,-10.033618,15.888428,-20.430182,-26.298695,1.6286114
134,0.0,-45.06468,4.3346033,-11.785403,21.593563,12.201837,-27.171711,9.91568,-17.765703,-18.014912,-1.7736257,-11.97554,-27.011177,-46.31558,10.615741,-17.829014,11.094962,-4.7558956,9.272487,-51.196945,2.2495203,-13.473958,6.7881565,9.624217,-44.399597,8.975988,-1.6467847,34.06372,21.057304,-9.638315,5.2117877
135,0.0,-47.081295,0.62089896,-13.423924,-24.19555,1.5891508,7.089773,26.18712,-13.180558,20.50688,9.98621,-22.816252,-28.873856,38.70821,-1.1835473,-6.0646133,14.329197,14.973883,23.634104,-52.612717,12.65422,3.6381102,-10.240415,30.925194,-7.9253325,-6.8599396,-15.601097,31.97322,17.451128,-1.8199992,-19.32434
136,0.0,8.7537155,19.288593,6.35051,-35.520847,3.5472405,19.90391,9.478237,-20.402666,-4.346531,14.297973,12.970846,-7.1887455,-42.9942,12.957822,-16.170717,29.096247,12.573736,24.838884,-61.734165,1.2697473,-7.7106533,12.097286,12.252888,-31.521881,5.4194326,-20.508162,-0.52420837,-13.9516,-6.584381,-34.79386
137,0.0,27.356894,-20.293762,8.611875,-8.70615,7.0214953,-8.988102,7.8327537,-24.460484,-10.04666,-3.6536918,-0.08163213,-4.2947555,8.752217,-3.4473407,18.396019,9.447106,-12.332266,14.131622,-60.61945,-2.9931338,-2.1140947,2.828383,-33.134583,16.678432,-8.012758,-9.220819,-30.067951,24.638552,-11.486607,-2.4868343
138,0.0,21.963861,-10.446546,-11.706694,38.095436,-2.4085312,23.539698,10.406184,-20.936556,-1.2099949,31.748405,1.0800327,4.8253574,-37.856243,-2.2600892,-12.299944,9.993958,21.7866,20.018526,5.236759,14.41189,7.798226,-3.5342963,-4.3809557,7.4449964,-10.258365,8.930564,-11.096982,1.4625951,-10.661703,-34.58903
139,0.0,32.97717,5.402014,16.68895,6.753617,-0.45831457,19.458668,15.547742,-8.139076,33.67908,0.77873623,-26.986715,4.7842917,-3.11438,-29.827522,-12.333516,-50.144104,6.519579,-5.2154994,-13.654412,-10.141137,8.413834,13.470118,15.936696,-22.084267,-24.603664,5.928845,-3.5007012,-8.043328,25.804075,-14.695777
140,0.0,40.689064,-1.1146791,6.6708355,2.697912,-20.548082,-2.5478652,14.179319,-22.9612,-5.7101703,20.360847,11.91226,-11.500407,-37.204132,12.526853,-1.3806432,23.558826,5.149371,7.4067802,8.735703,24.858772,14.072495,5.9183598,-22.754412,10.73916,4.2998734,-3.13236,4.2225933,-19.086508,8.350342,-37.63853
141,0.0,25.885096,-18.633553,7.5358562,-13.256598,-25.707071,-2.258456,11.845036,-21.659273,-4.507636,33.955494,-8.012154,-1.459888,-28.602394,-1.8927352,-1.9807894,-7.0952487,-1.7338756,23.602001,29.443806,22.672995,-3.0887089,10.655532,23.942902,-16.13991,-3.0846705,-17.244167,17.443365,4.7679467,27.339231,0.027852353
142,0.0,29.399784,-9.15161,1.122609,-36.201633,8.800998,7.455779,28.964655,-11.013021,17.848421,-8.14763,22.814928,-4.2102957,-33.456997,-7.271426,7.160103,20.289604,-10.999914,-28.111828,12.215701,2.9107978,25.288063,15.46682,-21.065342,-13.590908,18.43338,-13.86434,26.650885,-3.3232195,10.125292,-37.35744
143,0.0,39.530174,3.2945113,-2.9790752,0.32303533,-15.209894,32.646164,20.448847,-9.714229,29.326189,-3.873843,7.851081,-7.235126,-54.89535,7.7925763,-7.916374,11.200178,-6.3388762,11.372096,11.327604,-21.889265,14.307051,35.921234,-3.2098227,-14.116941,2.3099518,6.763272,19.123564,8.638288,-18.698406,19.92075
144,0.0,41.22545,-7.890515,5.0415106,10.825566,9.264768,23.21186,-0.79018,2.3669379,22.82759,7.614346,-11.121111,-26.351112,-53.90544,7.6638813,6.640938,-16.146473,4.573492,-7.1062937,-7.8763323,-10.205648,8.677741,14.877071,12.548405,2.541204,-9.132029,-4.414064,-17.490257,21.269028,19.372082,-29.658781
145,0.0,53.995884,1.8305671,10.672442,15.200287,6.6452494,19.331627,20.315147,-11.461068,27.302187,3.4026055,3.575402,-28.102507,-4.026165,-14.36458,-7.9356766,35.88236,0.45523036,16.796902,-2.1798928,-11.880395,19.76049,-11.797896,33.12507,-7.453883,-29.621056,-5.965062,-21.081741,27.798578,13.40211,-13.684357
146,0.0,20.517216,-15.859739,0.12585421,22.25222,12.169797,4.9420557,19.876965,-12.402022,31.258032,15.137493,36.8145,-11.592238,21.023304,9.600388,-0.3410034,-14.366009,8.430463,8.993616,-9.016817,-9.054317,11.89584,14.021524,14.817732,-5.647679,1.9203963,9.639717,31.471975,-1.2077638,21.527,14.893249
147,0.0,13.304884,14.020305,2.2463865,20.782566,15.595653,1.0817052,-22.508215,-15.845512,-2.8454027,47.24595,-5.847772,8.1510315,-38.315105,-2.2382102,23.799688,8.220557,11.353163,-41.322533,-39.93015,-0.17739688,8.273114,30.722197,8.568761,24.243692,-9.435691,-1.203507,8.090072,39.809628,7.654901,4.641518
148,0.0,32.90499,-1.4428308,9.70721,12.760294,9.808837,20.360758,20.918566,-12.583307,25.420298,-43.942627,-2.1601377,-18.509987,-56.839127,4.796786,-5.5980463,28.341589,4.9533787,19.20696,-33.271366,-5.3297853,-7.3118396,-7.4455504,18.130657,-10.705076,-11.439222,-4.7552466,9.109336,-0.5800134,0.06490442,-36.522194
149,0.0,36.58334,-3.7900343,11.065247,23.018988,15.471209,0.46702734,15.621966,-6.8996363,26.31625,-5.3522596,-9.876396,7.295038,2.2670677,-29.176825,-4.2065616,51.855404,-2.6819525,13.578888,-14.906154,6.751826,-29.240671,22.476852,-0.73725325,-15.524764,-11.784432,10.951813,27.87327,38.511456,-4.529388,4.3999243
150,0.0,37.769524,-17.281872,4.1794343,19.010107,-30.503592,-4.8850427,22.758928,-13.765662,29.18009,-4.6481886,21.710146,3.2254362,1.0045022,9.233984,-8.833048,17.653433,4.3295755,-9.222889,-16.736319,0.8897601,12.972272,-18.589733,-8.078359,1.3725852,0.9089112,-18.447721,17.915169,-1.1799082,34.60908,15.10396
151,0.0,8.613043,-3.6296022,-22.72087,2.1919615,-13.287583,7.104463,18.813108,-16.564459,32.803024,-11.038107,-18.200314,-13.350533,-22.701204,-18.689217,2.9338758,44.378788,-3.9125793,19.915108,9.957486,8.770397,24.59714,8.594106,15.908998,-27.859879,-2.4890888,-11.779973,17.245298,40.699005,-11.9099045,-8.157848
152,0.0,14.055221,-16.689274,-22.559914,6.042743,-13.623648,21.452446,9.269874,-15.398613,9.92813,0.93385285,28.461348,2.6226144,4.067763,-28.976482,-4.0186667,-17.391207,21.297491,6.7711706,-24.76038,-2.9976678,-31.771503,-5.6239843,3.2260592,-21.646523,-5.3395076,-7.2228765,7.917179,-2.7407956,0.12107071,-29.510569
153,0.0,-17.501131,27.188696,-6.5462384,23.686367,8.124432,13.549533,-11.425077,30.21054,7.8844533,8.160606,-19.295965,-0.006979669,-19.74575,3.6837456,-8.4334,-2.807298,19.326992,-27.760498,24.007265,16.952242,4.6632695,10.4435005,29.037275,-14.508694,-40.481285,-2.0135484,5.549322,34.04143,5.6682,-10.033213
154,0.0,40.678883,-15.653654,-2.1031008,6.1785655,1.791395,23.28557,0.10475265,-7.7256045,-29.598625,-24.913177,-28.37346,0.7564838,-33.12129,2.9183435,7.434898,-43.236553,-0.6599564,-11.440891,6.3269825,-42.780895,4.2518907,-8.1148405,-0.99855226,-18.21048,-2.859193,-23.319857,33.274136,-8.751825,19.587166,9.371285
155,0.0,-4.796334,-36.80243,-6.9821596,-3.5217147,-8.655198,2.074629,-41.80817,-3.1774702,0.054615356,-19.509014,-0.72020006,-1.6856719,1.3564229,-8.177389,-16.88807,-30.892946,-7.364123,0.62084293,-6.9494967,-7.8868065,-22.882942,-11.529381,18.112186,7.686398,15.252075,5.0339675,8.030931,-1.5716823,0.30441892,-34.85647
156,0.0,-10.547799,-14.382111,13.652353,-10.185867,5.245828,-11.565146,-43.649826,4.210514,-1.0461948,-28.066282,12.94886,-10.867648,18.32796,4.895535,-7.6826005,-5.235682,-5.999505,20.812738,21.495024,-2.968479,24.806393,1.6172712,-22.860216,13.2175045,-9.955582,-25.791864,-4.5909553,23.277172,-8.927624,6.4940624
157,0.0,2.902635,-0.33363613,39.0874,20.419125,20.253973,-8.538081,-17.592865,-12.913495,-9.587399,36.304546,-0.76794475,-11.880674,-8.592017,17.30609,-4.5786247,-0.48525953,-14.3987665,1.7063549,-52.31815,3.353493,-4.910684,32.653965,-18.202782,-5.792062,1.3059514,-15.597084,14.488392,10.702196,23.43889,-12.852176
158,0.0,-29.82171,9.549203,-21.177538,21.734478,21.625816,-7.031858,-8.216723,4.0190377,-16.074926,-10.69265,19.863995,3.5844538,-13.456993,-2.5959535,13.669643,-53.562412,4.9570513,-4.4747167,-48.597702,-2.069611,-10.913125,-15.201136,17.686646,-5.821163,0.035587046,-21.193668,17.420479,17.815266,-9.00798,1.4892063
159,0.0,-12.716327,4.8269577,-15.453078,48.281254,-2.3669736,16.13203,-33.313053,3.714002,19.19133,4.254264,1.6551176,-21.767258,12.814845,-13.799614,-31.053257,-10.442363,-10.735564,-7.263502,-6.5663204,1.7814137,-19.91141,-15.943053,15.18578,22.826307,3.1906495,-21.171488,15.186687,6.956595,33.510662,-3.407099
160,0.0,-29.618555,12.276981,-14.743845,-12.532917,-13.023478,-17.369745,17.509739,-0.15314823,3.8552916,0.29894257,-6.2134657,-29.169792,6.079992,-17.754139,35.073055,-55.87552,4.2120943,4.60037,-32.568565,8.5895815,-0.082951106,41.683655,1.4411982,9.862581,-2.8802817,-13.868181,13.434679,45.26119,-7.7319016,4.6417885
161,0.0,30.138311,-1.2244334,11.882059,23.718578,3.7514584,5.2039504,-42.14728,-2.3484707,-3.2000117,-2.2606747,-1.2333273,-18.314318,6.585785,-4.6552734,5.8382187,-17.344934,-10.283741,-5.0349865,14.936707,19.97986,11.258459,0.12888734,35.418877,10.142012,-15.846589,-7.4805765,-13.647954,7.0983944,27.71951,-1.8039623
162,0.0,28.778921,-0.8909322,17.656136,9.110777,-34.1763,-1.4716718,41.552822,3.985155,18.337566,-0.38689956,-16.490822,-20.593225,-6.968386,20.931738,-7.1466765,-59.695454,3.8028016,-3.2945936,8.933628,0.013042228,11.33878,39.136906,-8.990233,12.618726,-11.577563,-10.533211,-13.240267,12.5727825,9.568335,4.907546
163,0.0,46.651875,-10.719642,5.572634,16.293264,-8.89439,16.172571,-6.9109964,8.455238,-31.356087,23.53281,-17.67001,6.010396,-12.27698,20.177223,-9.923921,-30.741978,-6.024273,2.4429486,-6.831298,-26.693785,7.6767154,11.228838,21.28023,-21.449348,-7.3500304,13.352557,13.451873,-13.135115,12.67877,4.6810913
164,0.0,20.39249,19.152971,-21.43285,-6.866488,-15.9951105,34.794556,-10.456532,11.382762,-33.13313,20.968475,5.170573,29.938961,-55.622974,11.828748,-2.9788506,-44.19226,-9.664039,4.744756,-5.3854823,1.1684005,-17.824797,32.251835,-0.27677646,-2.5346508,3.9622133,-23.487375,9.119725,2.5375755,12.3293085,14.743635
165,0.0,9.283257,21.224712,22.341604,6.1956363,-32.08897,-2.8928392,-10.09816,-27.880066,21.826056,-1.154355,23.495138,1.8544052,-57.89761,5.2861814,0.49589565,-30.061947,-11.061756,7.596215,-1.5505162,11.191123,17.496645,17.485542,-7.5901904,-2.4416354,10.642984,-6.040616,28.306284,25.21398,11.025423,-8.444054
166,0.0,30.907484,-13.875925,3.8493354,-5.9123144,-6.9190807,26.72394,22.616833,5.599885,9.648088,-2.0727034,32.763374,12.870244,-54.901306,7.7654753,3.6983895,-43.300365,-5.228868,-3.1077893,-9.614386,-2.534828,-5.1534157,16.69309,34.972244,-10.819835,9.920846,-2.748182,32.64384,13.58252,30.310572,-5.823234
167,0.0,32.87885,-17.932499,-8.576956,-18.700703,14.9093895,15.15052,-20.197744,-12.36339,22.430286,-4.368425,35.25029,12.674136,-18.687744,-23.948626,8.521586,-43.129093,4.6858296,-11.096053,-12.890652,-9.812474,-7.2249923,16.693619,21.092213,-25.575768,-3.485496,-17.866043,2.2650502,-10.601531,27.775837,-26.437946
168,0.0,30.718323,-15.939518,3.8234634,-28.917704,-8.60215,7.7318835,-20.823645,-11.509935,23.517456,-7.436297,-6.8436546,-46.154316,-20.610096,-18.114668,3.5133646,10.424182,-12.522978,11.99327,-54.107193,2.7413082,-6.6256237,1.610435,-4.351922,-36.563904,-51.92057,3.53714,2.692583,15.307651,-8.705046,-13.833857
169,0.0,24.283121,-3.2559829,-19.962132,-0.16965711,6.3511696,29.237984,-11.29471,-0.6025273,2.6798341,-6.7211604,-5.622732,-47.077812,-15.582278,-7.561418,-25.569857,15.326711,25.437872,5.3757286,-56.83901,8.265892,2.4852319,-11.584216,-0.53514284,-15.257651,4.3033724,19.523272,33.890728,25.753216,15.114335,23.086096
170,0.0,23.996464,-24.2675,-5.9596305,-0.425303,12.4514475,-12.011699,-17.140007,9.618614,-22.699873,-16.143267,26.910358,-21.303785,-15.653713,-3.7954028,-1.0282987,11.736603,35.34213,-8.323234,-10.132255,0.73855686,35.612183,12.7764635,18.887156,-29.071974,-38.018593,-6.389092,16.621035,30.409687,9.945749,0.64830565
171,0.0,31.381304,-2.5040717,-7.857035,-7.8873725,-2.1263683,-14.019986,-20.1461,23.027344,4.9450936,-19.157286,-12.831591,-20.340448,-17.162056,-4.9111924,0.61884826,-1.4568826,4.69834,-29.401796,-29.347027,0.15101902,-18.578396,-34.517723,-5.5463843,-5.2399707,-5.9952273,-20.23209,-14.9344225,-16.480078,7.961575,-26.702682
172,0.0,-18.611582,-29.110394,10.488518,13.405878,-23.88531,22.81592,-9.036405,-9.793358,-18.062433,-32.05718,-1.7979761,23.34253,-12.338963,1.3503984,21.562887,25.249228,-0.98351926,4.354997,19.717632,10.607796,5.74939,-11.132262,25.468391,18.332962,-16.019854,11.518263,-27.082594,-7.0047903,1.5714868,-24.369112
173,0.0,-13.370359,-0.1269587,-42.38494,27.928621,14.554933,9.212124,-17.716602,25.443926,-14.677625,-32.232197,-0.32815507,23.371117,-40.629913,-6.3022366,9.604417,-22.449091,-9.534861,12.415328,-12.280367,-19.422258,-5.2566714,-19.940191,28.612494,-6.539323,-50.23198,5.170212,-0.056486625,27.083017,12.437987,-8.677541
174,0.0,-12.828859,0.39717558,-44.659416,11.3291235,26.634668,-25.180984,10.847552,-13.884016,-1.1104934,-34.871326,-4.530223,14.304307,-50.28841,10.319145,-4.3295693,-0.812485,-13.031585,3.6609962,-4.868424,-20.092165,25.313557,35.561954,15.059912,2.0494246,-39.35322,-6.4586024,-11.695031,18.999496,-16.63548,17.629097
175,0.0,-52.06439,4.665799,-16.652924,20.125532,14.380944,-10.63097,-18.061853,-4.131562,11.610725,-30.800478,13.695161,0.017577808,18.91412,14.765078,10.488112,-1.1203849,-16.00606,-1.5629811,10.50094,-38.792564,-0.9033569,-0.8325285,-36.956184,-0.8189225,5.048294,0.45444563,-0.2992352,25.209982,11.967557,-10.798689
176,0.0,29.710453,-15.514611,-1.1824905,-10.118042,-0.4797432,0.2719296,-6.1727734,-3.7677546,-9.604494,-30.570353,-1.271959,21.282362,-18.35154,7.5665054,-21.496204,-16.430525,21.562246,7.8429794,15.278909,5.394634,-4.503726,-25.059288,-4.844933,-30.397728,-18.42772,15.366564,-32.448696,30.92298,-6.011822,-9.567508
177,0.0,38.16257,-0.9972198,7.384925,-5.27817,-3.5948513,-13.885461,7.80182,12.533236,-8.067389,-33.846523,-6.219549,3.038003,-36.632957,-1.1815535,-7.5128145,-11.072008,-15.707563,35.249252,4.478969,-20.127773,28.450062,-24.190327,14.891653,-26.34116,-2.6278815,20.852282,-21.09258,18.257374,10.522119,-9.907656
178,0.0,-1.8720442,8.94465,-11.902197,-16.509184,-17.547895,7.661299,-14.150858,6.212058,15.198471,-18.710606,-9.821374,-10.471041,24.18148,14.943491,13.898942,-9.589746,-15.767095,34.876644,-53.580685,-8.251503,-1.6796191,17.443577,18.053997,-22.105574,-19.244335,11.953369,11.492238,25.273504,-7.466736,-2.67725
179,0.0,34.079857,-8.783542,1.8993282,-20.50774,4.613614,2.07799,10.468124,18.421503,-13.29192,-10.491465,-13.453187,-11.056337,17.667458,18.108269,9.619262,-3.6464427,-17.63216,-24.42186,-36.58929,-1.1616269,7.003343,-27.791916,-8.610519,-22.36924,-5.526904,28.884203,-7.5349994,26.414185,1.7256732,9.017368
180,0.0,29.000355,-7.505692,-7.10643,-17.23993,-25.3238,5.7854075,-16.292768,-2.4975777,14.989203,56.22472,-5.1066713,6.9362097,-4.3322234,16.828066,-2.1762772,8.816617,-3.910494,4.725612,-3.0211189,-7.976836,-12.057689,9.385825,-5.630545,-32.7417,-13.393964,-9.308147,11.266966,9.20454,25.096388,-6.1030746
181,0.0,18.05332,-18.440956,9.645731,7.9901304,32.082745,12.329348,-18.40667,-22.864374,11.00639,58.00164,-5.932957,5.7361875,2.9377356,-5.2816253,34.680656,10.303774,-6.118427,12.844919,-27.057108,-7.451779,-12.467953,29.783115,-7.175309,14.976887,-21.42371,-1.0125037,27.565947,-10.072067,-2.7778046,-13.831548
182,0.0,7.1615705,36.819214,-11.751912,-21.676903,7.162244,2.9318173,-32.763176,-7.5152545,-25.798016,0.78413963,-27.80569,2.370067,-48.87514,5.732874,-16.753565,1.4578111,-9.060026,-22.517859,-0.9688528,14.37863,16.462742,-28.602781,16.591145,-26.453491,-37.936714,-1.472738,-6.3330793,5.3657494,12.723326,-7.270528
183,0.0,24.586634,-18.340845,0.7019786,13.136098,-15.946125,25.937346,18.715815,-19.719261,13.891492,-13.724685,4.257793,-8.77667,-14.715297,11.557731,28.335112,-6.981073,5.056094,2.415329,-3.8823133,-7.083163,-39.41238,46.026134,-3.9319525,1.2188305,-34.4894,-5.8601046,-8.233425,46.253963,-2.6375532,9.837759
184,0.0,5.9123845,15.831704,-6.660001,-20.509571,-19.653467,9.24238,-12.560432,-1.8199768,-18.378735,54.49741,-1.1326269,9.587827,-27.16027,-6.368581,-0.28993535,-21.144634,6.799122,-28.964705,-28.163982,-10.642074,-7.464385,-10.831377,15.003137,26.643686,-15.584857,-9.031304,-13.272816,0.23730035,7.442231,-36.886284
185,0.0,-18.438744,-29.230757,8.227401,-22.214785,-19.013414,17.723536,12.363746,-24.516655,-6.4630632,-10.626301,13.79283,-16.412792,18.919855,1.0093603,-29.292658,-29.467943,-10.310875,11.818673,-32.491547,8.897005,21.692678,17.697905,-2.5407233,-27.827818,-15.674852,-28.464956,3.1653972,28.740433,11.049095,-13.352622
186,0.0,26.85502,0.10335451,-26.610228,-55.87024,-1.8574902,-8.814511,2.0682645,8.28667,-7.3359556,-26.762606,23.928898,-4.7582493,7.695194,-28.029785,-0.7803819,21.306917,3.5125542,-0.41592473,-15.4290085,2.2800932,-5.3075714,14.158956,-2.2768621,-20.46884,-4.282846,-19.686134,7.3219676,12.040936,-17.495197,-21.018665
187,0.0,35.960003,13.054398,-1.4547905,-48.181793,4.267995,-6.033461,-41.689148,-9.354412,-1.74882,-11.815925,19.190065,-32.9941,-47.32681,9.096788,-14.98217,7.458874,-13.908147,15.138955,-2.1965487,-13.014974,8.811651,17.31498,16.520016,-32.102093,-8.229209,-22.077478,-9.574908,11.7570305,31.067776,-19.870646
188,0.0,33.498093,-7.4710197,-10.103809,-5.5106964,-7.0429964,-7.3308997,-28.693779,-1.9004894,-19.017124,6.961407,-21.564491,3.2881377,-34.873142,2.6975584,-14.395877,13.101442,26.09767,-15.721649,-24.684433,10.502133,-19.84641,22.52722,15.597735,-14.911049,-37.990166,-3.5146394,5.457021,21.296944,10.268635,9.875265
189,0.0,26.497717,-5.659771,-15.961325,17.65778,20.265749,17.816751,-20.112467,-10.476136,18.922638,8.233569,-37.21875,10.030866,-60.27016,3.1010306,-11.453987,14.472645,-18.01013,-5.4728565,-11.701911,21.71975,-5.706903,30.997736,-8.378261,-14.1255865,7.797248,-31.699635,-2.034237,28.08979,18.23208,-15.172075
190,0.0,-9.995274,-8.246707,-27.29975,-14.860793,-13.194918,1.1541513,5.994033,21.742184,0.61337346,-4.896555,-0.15232402,-20.298676,26.34778,28.460876,1.8619667,-32.98811,-7.088617,25.539873,13.604953,6.0019755,-1.0461057,18.0487,-9.443991,-0.5872863,-11.828541,21.799168,-9.378296,15.388291,2.163312,17.2557
191,0.0,40.351154,-8.817716,0.75826645,6.6705375,-14.106842,28.278791,10.444023,25.110575,1.5814178,19.052015,0.54420483,17.044237,13.295115,-2.9953806,28.285868,25.812822,-5.120954,-17.87979,-33.561726,-1.3243475,16.626347,-22.785404,9.623915,-28.683632,1.8493066,-6.775619,20.916504,20.302698,-0.32210776,29.511845
192,0.0,32.281273,-8.749623,-0.2326226,24.89772,20.848572,5.9660687,29.481361,14.331294,18.369621,17.48737,-17.764637,7.7854066,24.547178,-3.3236656,-27.436628,8.712657,-16.014563,7.355063,-39.049824,-10.826615,11.636663,-12.597683,22.182146,-13.208915,-37.58474,-15.24481,7.479735,38.55111,-15.754846,-9.37483
193,0.0,28.02678,-4.0131636,-13.896243,-15.002452,-2.6815782,-25.199263,-44.479076,7.2214646,-2.315698,16.5018,-21.555841,-5.3281507,1.3356863,-3.6805353,18.414902,31.935808,24.554762,-2.1292713,3.9619043,18.542849,15.149656,-1.1434827,0.3798179,-3.234025,-53.975544,3.1057572,0.71831137,31.722027,-15.738922,-14.901053
194,0.0,5.1079216,18.332975,16.697588,-14.214263,2.6970804,7.7175975,7.1875505,-19.841492,19.662298,30.462887,3.470301,22.788382,-32.499977,-0.48216996,6.6617384,-6.8378243,-19.176537,-7.7836423,-9.419716,-2.4104772,-16.261177,-16.285372,-2.358825,-40.586506,-30.955904,-1.9955728,12.780773,13.488856,28.198738,-16.3954
195,0.0,31.381374,6.770767,3.296171,-26.051626,22.418747,-2.4925742,32.88291,18.546688,0.28896764,-19.084051,17.209368,11.668163,-34.465736,0.36306196,-5.6033163,23.047312,-0.56245184,-20.658197,-10.579123,12.913018,-27.272552,-22.335947,11.621453,-23.755363,3.3300765,-17.787432,-12.58542,22.90702,-3.0033808,-17.327494
196,0.0,-57.74619,8.363827,-12.898325,0.6071896,-26.74674,7.095895,7.6637774,-23.242077,-8.944981,35.429214,12.25162,0.2511851,-58.226513,-0.0050174985,3.0853758,13.98594,15.005973,-25.34238,-19.67332,10.224796,-25.321949,3.7775884,2.703847,-20.486776,-18.149975,9.877298,4.7801294,25.895632,-10.854183,2.419773
197,0.0,-57.315468,6.858582,-14.111188,-21.102365,-3.332463,-6.885172,23.6343,-12.51629,31.520391,11.157605,40.958347,2.9822779,-23.336235,3.6891577,-23.98658,-12.760044,-3.6871684,-15.067292,29.294474,1.8402975,30.35042,53.737507,-4.3757367,10.444357,-20.859674,3.677032,-22.119984,-15.050221,2.747372,-38.492218
198,0.0,16.059355,-9.999925,-13.093303,24.402533,13.27744,13.369967,22.280169,-5.933287,28.212633,27.700832,-7.699429,19.782276,-8.777676,18.307077,-19.569864,21.435768,21.60332,-20.499586,28.53502,8.673948,7.1477494,-11.762091,17.534838,5.015065,0.21402888,14.640695,32.73219,22.76881,-5.741802,21.900928
199,0.0,-57.290226,6.025924,-16.086828,-42.5985,-3.2693167,12.015641,-10.622537,10.822133,6.570046,29.10645,10.09143,25.445114,5.244322,-15.424519,0.71156114,9.999995,-9.719521,3.6539578,-16.221025,-1.8914257,-9.708312,9.79852,2.3179247,-32.807583,-18.354227,3.639161,-26.521946,0.63469094,11.36551,23.307423
200,0.0,21.896784,2.1800478,-26.362148,-42.765198,-2.236041,10.310399,-11.247294,4.257124,-4.469728,-12.726503,2.4125454,0.5261296,13.369665,-6.1595755,4.2507153,6.7055173,6.2125664,8.875286,5.8567805,-6.723294,17.448109,12.467714,35.609436,-13.713218,-33.954216,-2.453989,10.858911,17.429972,-11.811751,-20.544113
201,0.0,17.488749,2.8075519,-26.357422,-43.122524,-1.3462605,12.937681,15.904044,23.541265,5.562157,-12.652357,-16.79887,-16.078827,-9.92167,0.043252338,24.082373,0.6736083,-25.790222,9.2278385,13.715033,-6.3686533,13.031032,-2.0935428,9.061151,-8.714785,7.4453225,-23.96412,18.686563,16.079145,-8.320195,-16.1639
202,0.0,-58.49969,7.5903773,-8.724068,-16.635845,5.4361496,33.114513,11.000951,-17.13474,1.9108616,-10.580799,24.680943,-10.77746,-0.46440235,-19.699986,-10.096327,10.064717,1.3704822,6.6069255,-16.9485,5.8374987,27.348404,10.097912,22.768871,-26.801931,17.028,2.1975567,13.693414,20.462381,0.15134045,4.6986794
203,0.0,-9.784989,1.4104835,-26.728813,-23.10779,-4.159184,-14.709305,-9.726486,-7.763926,-30.554474,5.3873196,30.31766,-9.227589,-20.743208,-0.86628824,-0.60008276,0.9956941,-8.325726,17.241798,-20.069384,13.802374,-4.0846715,-6.917229,7.5059395,-14.456859,14.280531,-17.395037,26.551815,12.643599,-5.1174226,24.732271
204,0.0,-15.0741,-0.13273449,-35.670307,20.81825,-31.7491,-5.291179,8.209707,3.1099083,24.86649,33.07921,8.304861,18.918768,10.871643,3.9757829,4.4074683,-49.628807,3.0943513,-7.9689136,-10.507991,0.21927102,-39.385025,5.3187284,10.7619295,-9.799872,11.326316,19.155182,33.52788,42.724403,-12.303989,15.958588
205,0.0,34.981674,-7.795155,-9.181108,19.667337,-4.6555157,24.686703,35.64326,16.102188,-2.6501782,8.183013,24.713356,3.3743305,4.58888,-39.765205,0.9609752,-35.817635,8.121226,-1.4470342,-7.894629,-22.505001,5.8469696,30.925085,0.30119404,26.414486,5.790504,14.294715,33.507053,-18.256248,2.5292816,-38.37408
206,0.0,30.179787,-7.805248,8.938044,21.49676,16.775427,-20.55971,-1.0610232,-6.7201447,-16.88634,-7.502705,-6.576774,-8.327178,-10.73925,-8.844428,19.169146,18.491655,5.3215804,-1.8685387,-5.4490957,-28.15373,9.74424,3.5221107,-43.258205,4.293036,2.4526463,16.58368,31.925232,18.600355,-1.417511,11.965404
207,0.0,35.96489,-15.332523,8.185252,12.550577,3.5300803,32.915833,5.166818,-23.952902,22.067307,0.3614775,0.05626789,-26.828009,36.00878,-11.400924,20.52694,19.723532,5.357468,6.2735915,-7.3945346,-16.258133,1.0101043,19.925512,1.7577804,-24.312422,-14.837884,-4.4637814,7.563923,27.19213,-8.256425,11.315585
208,0.0,-9.395711,-15.095474,-16.912285,-37.62952,1.9596524,18.323122,-11.389415,-1.401553,-10.045848,11.808208,34.778393,-11.788577,-4.310201,-15.7276535,-13.761764,11.420892,-4.639229,16.156431,-8.363374,-7.7894235,-24.081837,23.995255,-3.9499931,-22.983917,3.0191123,0.8156417,17.832426,-11.068601,-20.260372,25.236343
209,0.0,28.551443,-1.7006279,13.563522,-2.4233346,-5.2899394,26.452293,21.609173,-19.75132,16.20515,-7.5376863,7.394041,-34.124363,-15.468343,10.71379,-20.770855,-7.9776783,-16.046824,6.6527476,-23.414598,7.6674337,-18.813978,-1.9110912,1.8282394,-4.306708,52.90477,-5.4872427,14.941084,-36.83271,-15.867032,-4.278649
210,0.0,26.861147,5.5235405,5.1702127,-16.943737,-3.5280838,19.57191,31.251696,14.610525,3.023402,-1.2560394,28.054806,4.8554325,22.209953,-0.18946339,-5.9088984,-27.7006,-13.109101,-16.399374,-25.08931,-3.692428,-33.30065,-21.93007,5.722139,-35.525295,-32.847115,2.624363,14.128255,27.735369,-6.1542387,16.528923
211,0.0,31.607008,-4.889765,11.2808,-10.384605,-21.322283,16.052189,-11.1068,1.4313875,-4.419975,3.2259636,15.067653,16.824142,19.544954,23.098536,-0.93913716,-1.8401515,-13.265513,11.211979,-10.071897,9.560238,7.6397643,39.182903,-5.8719077,-3.58263,-41.072926,2.2554424,6.9483485,-19.758005,2.2824485,-40.780964
212,0.0,35.49933,-9.943619,6.4942756,3.9275124,-22.310884,-1.2933875,9.383559,-16.063904,5.7367306,10.516656,28.99019,8.821826,-8.959994,-16.35323,1.7786535,21.341948,3.7193344,9.1987915,-43.142017,6.370342,-2.1090906,18.291729,-1.3604151,15.265974,-25.191633,-10.877347,3.7742362,52.754726,-1.52839,6.626021
213,0.0,36.511505,-10.165539,3.2725856,-25.261717,-6.5330396,-8.968817,-13.052617,3.7370422,13.920193,-3.9195924,0.28911307,-23.768606,7.6607823,7.327268,4.0126705,9.27787,11.986936,2.7884905,16.050404,20.01254,16.0653,56.74079,-2.060265,10.62073,-39.20293,-4.639413,17.536346,54.042255,-8.123113,12.404904
214,0.0,20.20599,17.251284,-28.907356,-5.529176,-17.707664,-12.820761,-12.905044,-17.070904,18.409824,11.037199,0.5846742,39.63611,13.7046795,-14.144259,11.304422,-17.693987,5.872659,-14.933999,16.199484,-7.767462,13.566412,19.467474,6.074375,11.403572,-13.118397,-15.730149,-6.926851,13.431855,0.8821429,14.134518
215,0.0,34.590565,7.441692,7.2463555,11.198427,-9.473425,41.36479,-4.6091337,-8.850164,-21.160698,41.239914,-4.1135693,10.553564,-17.492573,3.9445128,-30.377254,-11.452471,-17.429277,-27.485657,-25.038717,-15.563454,10.423935,29.17816,-18.087208,0.50732094,-19.113428,-4.876396,15.28216,-17.46105,0.10103558,-16.38111
216,0.0,4.2316713,10.806068,-38.905792,15.014545,-0.25303662,23.42837,17.816244,-3.582354,34.57696,8.826622,0.6602077,36.53818,-5.417705,-22.149376,22.541286,-12.388988,-18.649193,-27.499342,-23.759361,13.748887,-5.5779066,23.54545,-19.964758,-8.121556,9.995236,-20.122147,-16.47405,-24.586613,-8.227133,-17.49848
217,0.0,37.775993,-12.686745,5.003393,-37.368305,3.0018346,9.241686,-13.129687,5.851347,-30.932743,-7.2224913,-38.37672,-5.5757613,22.063124,11.0234,31.700993,12.442196,2.9493842,-3.4998765,-6.969154,1.6006145,-31.112856,-17.264568,-3.543983,-42.117954,-28.167936,-10.202093,18.978167,-19.026583,3.0085363,-17.690134
218,0.0,32.55179,-10.997047,2.4532876,12.490553,31.803923,10.108076,-18.58938,-2.196055,11.272171,-26.85848,15.013426,-21.768076,8.424629,-32.273094,-0.0061484333,-6.1760907,-6.2976418,-17.295107,6.48246,-17.63911,28.378838,12.365677,16.542746,-28.101494,-12.933356,-4.5988417,-30.10662,-11.875552,23.435282,-14.382023
219,0.0,38.623722,-7.0526094,-1.1360676,-23.720844,-4.66436,6.7963977,-16.701868,-0.657905,20.04219,6.670183,-5.121728,-28.303183,-23.522375,-0.3476526,-17.345476,30.689867,16.45448,0.89982367,12.475805,24.815935,14.856822,17.374018,16.720198,-23.981445,3.5319598,12.438301,36.27869,0.55184513,18.88093,5.1723766
220,0.0,34.428917,-13.906441,-1.3186516,-8.538943,-14.720554,30.79288,11.011643,-15.016563,30.674458,46.909035,-1.2052009,5.7910542,-48.16386,5.4510202,3.193368,18.336056,-3.5637147,8.076174,-0.92461663,18.91073,15.055004,17.580948,20.21985,-27.320309,-12.002815,-2.522097,16.782328,-2.0763087,2.5815306,-28.18584
221,0.0,-10.834718,15.901048,34.415466,-57.09263,-3.058964,-4.5264516,16.154722,-11.379617,30.106586,18.03757,8.756739,9.784378,-54.818874,8.100294,-4.705375,2.8496833,-4.9895844,31.731428,-13.697369,-15.653194,-12.821085,12.19505,40.786697,-7.080848,-36.797955,-13.104357,1.3960546,-25.54825,3.970858,-30.608788
222,0.0,46.708096,2.1851919,4.395729,13.203806,-0.9642804,18.333618,-4.8820806,-13.635657,-24.664125,-1.7500315,-0.23812735,-14.90374,-19.430782,7.4933047,32.108482,-1.0048378,-22.512077,-21.290627,-27.320148,-13.595839,-26.189114,10.519426,20.66676,-17.938334,-30.463238,-2.404062,9.929173,-4.1872797,-1.0495157,-39.422516
223,0.0,37.438786,-8.712323,11.594299,-17.93273,-5.568696,-24.156197,-4.0264735,-15.043233,-19.207329,8.663026,27.782307,7.671897,-8.636513,-16.429955,-21.724562,-11.61279,0.97510356,-27.888474,-9.476562,-2.400079,-33.21307,-13.845492,16.92992,-22.101076,-18.41496,-10.852621,-13.669015,-0.7762212,-2.3502996,-5.8522577
224,0.0,36.356445,7.0076003,7.422628,-44.800915,-0.5407415,-9.450837,-12.344561,1.9534698,-32.375534,31.651825,8.830346,0.6130836,-14.662707,4.154573,-35.798725,20.74693,4.7306514,17.490326,-45.75144,-2.4087908,-14.844378,-24.886534,4.1662703,18.168133,-10.5115185,-12.167919,-14.858305,5.195466,26.400583,-2.5796037
225,0.0,36.864,-4.2787266,2.1314762,2.0226808,1.6372508,-10.565436,-25.902327,4.180811,1.5223199,8.020291,15.148833,-2.3141773,-14.990661,-12.677262,4.2917485,-3.4375532,-7.353804,-1.9246587,-5.947488,-20.222975,24.284492,2.3192887,1.0908613,-35.768097,-50.97742,-7.863668,-14.256066,0.20367263,13.116873,24.183832
226,0.0,30.256475,-13.213196,-1.885399,3.5776927,-11.316552,23.68574,7.611279,-22.849026,16.379448,4.810675,-42.299995,-2.9728053,-4.4205227,-1.3413891,15.40811,21.419699,-5.379847,-23.721714,-27.238028,-19.60864,16.359125,,,,17.821316,10.477335,7.566154,19.097412,-6.376885,20.831442
227,0.0,4.1312532,-0.4131645,-24.752213,-11.78433,-18.69939,16.428743,9.086651,-5.725983,25.722738,-27.580189,9.20898,-25.250889,-35.874214,1.8560083,-13.238519,7.684015,-9.522886,8.607319,-27.444017,-18.16425,15.973183,,,,-25.96047,-6.081725,-10.438392,4.7185564,29.96777,-6.8985615
228,0.0,29.928862,-2.6416965,-6.0250516,5.0668316,4.0967736,24.408115,-7.955148,10.735218,37.090816,-15.376812,12.598578,-16.226206,-3.2311316,-8.192597,0.10092469,13.670635,-8.011905,9.041263,13.387787,18.266903,-23.780176,,,,30.257656,23.052574,-1.6063424,0.013911945,29.909615,0.116549954
229,0.0,29.28833,2.1904736,-3.5929952,11.0002165,-2.8145857,30.37502,14.027252,-13.22386,27.752588,33.585842,0.72914535,10.02992,-1.0238212,-5.957662,-13.985022,-7.72835,4.5028844,-10.748652,7.9584208,-21.834671,-27.023493,,,,5.7958527,-17.18916,-12.990607,23.06515,-0.63436735,10.744776
230,0.0,-28.728558,7.9227,-26.896309,4.5915303,11.092599,14.474248,2.4788904,-4.552454,28.979404,-14.387668,16.012903,27.22368,-6.5847764,10.032076,-20.301365,-52.217686,-1.547455,-9.597872,-8.860894,-20.552086,4.6410046,,,,6.0964117,-29.089024,22.03787,29.79035,-16.3203,-13.818287
231,0.0,20.086946,-15.482941,-2.7673173,38.372406,-3.2148898,21.023397,-6.1880364,-29.500877,0.5476728,44.08137,-15.477968,8.70378,-13.017178,-13.252628,4.646159,-55.29909,5.153885,-1.8805239,10.621853,1.5135158,15.455792,,,,-5.9425244,-6.6265798,15.464249,22.579302,9.059469,-8.761635
232,0.0,32.466835,6.3719444,18.387396,-18.784035,-4.512125,-14.641852,13.017502,-5.987169,22.587217,-11.997059,6.655908,-14.387043,-53.75408,10.748753,-7.8357434,-12.080706,-1.0579553,-6.302046,-25.549782,3.4063144,-24.51852,,,,-0.28150254,-17.694088,16.39675,-7.9672494,1.9086605,-18.157085
233,0.0,-12.120353,11.040927,-24.081095,7.8396173,-6.3742356,-5.713673,23.263195,-15.657312,30.51469,49.227066,-7.591012,9.669893,10.998608,-0.7190693,16.41575,-10.203872,-9.628931,-10.60944,-16.69906,-12.947383,-22.622757,,,,6.8750386,-8.535555,3.8657525,15.604927,-2.5958474,-18.015802
234,0.0,-21.00563,11.050033,-4.369497,19.214619,16.583109,28.057787,17.674274,-11.510116,27.010834,47.580692,-8.046166,8.469307,-21.795036,-26.766441,-0.1958961,-58.87882,0.9105315,-4.131912,44.68402,-11.363838,14.591684,,,,-39.29663,-2.9457405,11.352337,12.269997,29.753702,-7.1672215
235,0.0,37.03026,-1.7131519,21.282034,18.875618,17.736769,27.265493,19.729017,-19.870401,15.680728,-16.469723,0.4285537,-32.671467,24.487204,16.695642,-16.881624,9.038955,1.9260043,0.3990272,-21.773485,7.6071653,-21.277983,,,,-10.0908985,6.7807255,-24.166685,9.936864,20.905138,-12.882905
236,0.0,32.41975,0.5578046,7.835469,15.435674,-0.13169833,-5.701281,21.349857,-3.407317,9.880117,-12.408105,10.920727,-12.671208,14.356328,7.8593245,-27.164774,-7.6798434,0.7353131,-7.7661257,-33.807793,10.227937,2.1854737,,,,-11.872002,-2.4971273,12.769731,9.574167,23.913513,-9.120333
237,0.0,38.55387,-15.124685,3.844214,23.765314,17.474133,14.925686,15.8203335,-11.984835,26.217617,-18.62745,-5.73165,-32.15108,-41.213543,1.4638026,-7.859617,23.701448,0.37798956,35.480465,16.4369,6.1635303,3.117582,,,,1.8472177,-26.559593,21.832338,17.302353,-8.551067,-18.823736
238,0.0,41.657154,-7.7170277,12.368324,-10.001768,14.100242,35.27817,-22.371187,14.523246,8.607326,-16.21181,-1.5633038,-28.75876,2.3456602,3.663805,9.156737,13.501415,-10.8863535,14.188779,1.1462831,-33.309574,-6.9593735,,,,-19.995445,-16.412127,5.8645167,10.099337,12.6590805,-27.37971
239,0.0,27.762438,-4.1796756,8.12206,-12.456263,-16.479305,13.793318,-7.6222677,14.956592,26.763367,32.514935,-6.9563074,15.85586,-36.91119,0.6847761,3.5834775,-10.064442,-8.226791,-8.30293,-9.27189,-7.7402153,3.490412,,,,13.805851,17.944439,6.8356304,11.077365,26.04686,-9.186425
240,0.0,30.785925,-13.239089,6.449971,-0.48378864,-6.4442844,-11.099505,3.1071656,-25.09363,-19.096148,-19.113306,8.18403,-16.08463,-51.936363,1.7937113,-7.682194,-34.12315,-8.082373,0.31362325,2.238018,12.906109,-5.597865,,,,1.789256,16.505503,-14.07632,9.378093,31.356201,-22.9506
241,0.0,8.261225,11.621515,-37.863407,28.880026,10.325939,11.737702,4.5264444,-2.8964052,24.94269,17.672852,4.1507573,28.22578,-49.20837,0.9868975,-6.7980084,42.20597,-1.852483,21.268335,12.410287,14.715017,-29.559624,,,,0.22512926,-5.389284,27.498999,24.024057,-9.363877,-11.980454
242,0.0,28.691988,-10.062658,15.074432,4.155676,-26.084623,-14.274598,10.62938,19.05325,13.987541,43.55465,-12.424512,21.276535,-44.474945,8.685084,-16.869184,12.952144,35.795475,-6.176298,17.841318,5.276173,1.7949128,,,,-18.302526,-26.727251,6.022093,-12.686185,16.944216,-27.136593
243,0.0,9.883703,7.599878,-40.82126,-2.9509964,-22.96832,1.2861129,-9.707048,0.5962146,-2.1037712,-15.171621,-8.23327,-30.979248,-50.13728,5.0219417,-20.992922,56.9101,2.6436224,4.936067,-10.636649,-7.059464,2.577968,,,,-22.793186,-20.755913,11.714621,-4.269097,13.892148,-17.89705
244,0.0,6.8076735,-19.341005,12.5395775,-25.935335,-4.8408003,-36.316624,6.8160853,-17.84509,1.6566195,41.85593,0.4083491,18.303493,-12.498191,-11.206248,-22.048351,-3.2604823,-14.527657,-21.480202,-35.828842,-9.250471,-13.367713,,,,-52.243633,-2.2902465,-21.050516,24.213581,11.398419,-14.67332
245,0.0,46.79341,-9.09491,21.094671,-6.4509506,-29.768982,3.2662477,-20.937838,13.383304,7.132274,-1.6202916,1.9540716,-17.67549,1.9883027,5.424098,-12.078772,-21.645061,13.218942,4.250355,-37.767895,-7.4959054,-12.652725,,,,-16.56438,-4.4005227,-18.289526,-39.86934,-1.631418,-21.536474
246,0.0,36.485027,-11.769185,1.620838,-25.396141,11.823975,-9.768937,21.147215,-19.128046,12.728208,-28.66823,8.558759,10.021103,9.142895,0.685272,-1.9336188,1.3701506,-11.347435,-25.907919,-31.433426,-4.323864,16.827831,,,,-25.74023,17.753912,-20.512306,6.464127,13.682867,-12.448275
247,0.0,25.096891,-7.418816,7.1369915,-24.159435,-17.769186,15.433375,26.163712,-11.526732,17.252708,30.127768,0.61676145,28.447914,0.6191225,-19.268055,-11.275848,-6.586913,16.247517,7.2182684,-54.254967,1.9479038,-9.566599,,,,4.7629685,3.509969,18.284512,13.485897,1.1613532,-21.69578
248,0.0,45.389053,0.167536,11.541805,-14.05229,-0.82043594,-15.54313,-19.972485,-2.7367089,-8.323324,2.5485215,4.7486286,-36.30016,4.1556263,-13.325959,0.4467197,-14.28981,11.153805,11.942454,-18.30552,14.075349,-30.31173,,,,-22.821358,1.7830156,10.188551,19.022528,4.6061745,-25.255705
249,0.0,36.201534,2.9494317,2.24586,-31.174995,3.4687707,6.3840203,-51.65376,7.072032,-12.223856,-29.208536,11.946201,-21.403625,-21.787584,14.936162,-19.093369,-5.666748,-11.491601,2.8631952,-7.7234726,-3.9753277,-21.30015,,,,12.007406,-9.085804,16.866993,-24.188528,1.7339795,20.952255
250,0.0,41.664368,-5.1574435,6.440704,-10.952658,0.7575471,-16.40704,-21.888727,-27.30298,-2.0615704,45.448204,-5.226206,9.354549,-35.300137,0.15616727,12.180261,10.528931,-1.9491692,3.1805487,5.9668107,-40.018284,5.5081067,,,,-30.02929,-14.575752,4.853088,-5.229135,5.079196,-19.52258
251,0.0,34.062263,-14.116621,3.2505288,-18.204245,5.8930683,-18.707293,20.402317,-7.272745,27.326027,-12.7438965,2.0214124,-20.215473,1.5999993,-33.6424,-5.379803,31.1225,-5.2414184,21.396818,-34.699596,9.099827,5.912837,,,,3.8688793,16.802969,23.58926,-6.1369762,28.933134,-11.007107
252,0.0,30.164873,-1.4606884,2.6219077,42.44029,-2.934528,11.458834,7.3502946,17.056944,11.424614,-11.966293,4.033918,-17.980759,19.968615,14.537738,-18.477476,18.602123,2.1970346,9.101105,-28.903408,-10.821458,-5.3633237,,,,-0.8897499,-12.652368,15.334057,23.078314,0.8375013,30.085405
253,0.0,44.791737,-0.5500753,1.9534435,-18.649868,-19.006361,0.8309541,-1.9446535,23.371151,-1.5750191,18.03142,2.1484942,-21.713121,-25.395784,1.9509001,2.5096922,-45.620182,-10.035279,-9.459233,-0.43557155,-10.9367,-6.970248,,,,-20.05577,2.0203414,-26.337414,4.358072,1.1571805,-2.2774389
254,0.0,34.973846,-5.682617,3.6974013,-2.1766725,4.2489357,-22.029833,-25.660671,7.510202,3.430285,31.23315,-1.0545514,-12.781558,22.20748,-9.604393,21.83104,7.1492724,-0.2750448,7.0855727,-26.68082,13.565153,-15.330207,,,,-3.8274622,18.993244,-29.270412,28.560913,7.301284,-11.469465
255,0.0,32.97495,-3.2829916,4.066949,13.204414,11.407252,-10.000454,19.436068,-17.876986,11.768957,6.2163563,-24.980106,16.490446,12.511672,-2.5181386,-9.622018,49.94627,-3.657259,18.28336,23.758984,-2.3652024,26.420094,,,,-27.267923,9.09131,-16.33075,31.048872,10.646478,-14.746631
256,0.0,33.135803,-11.409523,-0.19774823,-26.966604,-2.7868698,7.8070602,11.396835,-9.473391,38.205677,6.9985456,-3.2730894,9.911991,-35.66917,-13.499986,14.480813,19.52947,-2.8853562,33.849655,-35.68398,-5.4162416,7.897338,,,,-30.183296,2.6292362,17.64741,16.908537,-17.26393,-14.299417
257,0.0,39.2534,-14.34947,0.2051722,22.897333,12.032991,0.38957202,25.455576,-7.471978,29.407478,-4.880596,13.00999,-7.693971,14.210161,5.4440107,12.673553,-48.06586,-2.1801255,-16.909101,12.34685,19.287603,-21.383656,,,,2.7491803,11.287924,28.670366,3.1013844,-11.732257,-10.682401
258,0.0,37.33229,-9.035087,8.64177,-14.737673,5.049831,31.29311,-43.757233,-8.376734,-3.9087021,5.384672,9.1120615,-3.2503889,-52.942474,0.8630077,-4.843999,17.147554,6.469288,-27.275276,-11.048176,-22.93138,-9.647211,,,,1.4547458,6.8024697,35.367752,-27.046852,-2.2137907,-25.737736
259,0.0,6.6435833,36.650894,-4.6855774,-16.425726,3.6057792,33.118225,14.752942,-6.3145094,19.657501,8.099208,36.247307,1.3832479,26.065897,-14.553913,13.279235,-10.270168,7.1451693,7.4841785,-31.785706,-16.342058,14.376784,,,,-26.203375,4.303074,-1.7299981,18.258312,16.16513,-28.302958
260,0.0,34.227448,-4.544343,9.592972,-20.180876,-14.957945,10.531649,47.67145,-7.8519,11.188283,6.5933223,-0.5489176,37.21444,7.132054,-38.211384,1.4257497,-28.127996,-5.235821,-35.854473,-13.723618,24.773014,6.571649,,,,-10.87886,-17.536692,-6.828003,11.33058,33.021107,-11.274474
261,0.0,32.67011,-8.753219,5.357256,11.968702,-6.5746284,34.7721,45.68269,3.0018966,15.206517,8.439529,-16.811924,-13.472797,-11.694562,24.71661,-3.4266682,31.723116,19.64274,-0.124259785,-60.396587,4.918729,-6.546078,,,,-17.06344,-4.649457,-11.005808,24.362621,2.070638,-16.701963
262,0.0,35.3179,-5.7238092,6.389417,-29.130651,-14.004298,6.9626346,-7.809512,13.194633,-37.44457,51.10917,-5.479833,10.124283,-8.332054,-4.9702077,6.9711947,-22.148424,7.306042,-2.9827905,10.281913,-15.364423,-11.19702,,,,-38.119858,-2.738594,20.745932,-2.2818937,29.087614,-9.582206
263,0.0,34.99168,-6.214932,9.005663,-18.772146,5.022707,-0.11175879,27.360582,-7.5132914,28.848066,-3.696497,-14.634466,8.224485,-15.761397,14.6629305,-15.196409,-14.478659,13.704657,8.569088,-4.146082,-19.367945,-11.141187,,,,-31.351732,7.7695694,-3.697982,32.386147,4.5138636,-10.757597
264,0.0,27.485043,-11.636557,0.370016,4.0889287,-10.82424,26.777082,-12.658601,9.953534,-31.515968,11.113579,38.86283,1.6754432,-57.32456,7.1962023,-2.1997492,15.380656,-3.7152836,8.425325,12.202948,-33.99744,3.5605042,,,,-28.272411,-7.4682345,11.855023,4.398979,37.608597,-2.4370048
265,0.0,18.654535,-14.090941,2.399474,2.4802065,13.153986,16.982609,-8.554282,11.990929,-31.224623,33.980656,3.1185327,11.108998,-17.210396,-4.488464,-36.125538,-3.2875051,11.012352,-13.180716,4.5249505,-2.1989744,1.1775981,,,,-5.979264,-2.321448,-18.696774,3.5985696,28.55032,-6.4544954
266,0.0,3.77011,-15.6889715,-25.27439,-28.544039,-2.889748,3.8884554,1.2091951,-23.688698,-20.77603,40.061123,1.0612118,-6.07583,7.071924,-32.749172,2.2449384,-17.173016,-8.007674,-16.51229,14.17106,-7.7297535,15.778391,,,,-16.619886,-11.433999,15.276342,-4.45007,0.7325037,14.808954
267,0.0,37.348995,-7.2680206,5.3507676,-31.521013,0.98471284,5.808271,-4.0058293,-5.982089,36.366306,-0.7321016,8.825669,-5.324501,-22.481815,8.332048,-8.642185,-16.856052,1.2242647,-9.185014,10.076214,-18.61155,28.149685,,,,-36.955944,-3.4069722,16.287178,-16.99994,-1.9012574,2.825297
268,0.0,29.464178,-8.2119465,-4.874721,-17.624426,13.27463,6.5178366,18.394663,3.2649987,26.190512,37.511803,-6.3709383,-16.054466,-6.4927053,-0.67595994,-15.741917,22.55832,-9.634874,19.440563,-1.4579425,-7.667148,-20.542927,,,,1.6527858,-13.788653,-6.627405,-26.943176,3.5992553,-32.485844
269,0.0,36.19106,8.330927,-6.7370367,-30.353178,-0.5786215,1.8849595,29.4285,-7.4525394,28.58399,-5.123814,31.52197,-10.501364,8.1479225,-39.899494,-1.0796921,14.2520685,4.320876,14.364658,-42.05161,4.408744,7.1361938,,,,0.98810667,-22.178413,26.70277,25.708284,-8.960746,-12.641477
270,0.0,25.1651,4.19988,-24.82367,7.746595,-10.509389,14.436394,-29.572836,0.11486619,15.683971,40.244442,-4.316976,-8.445654,-46.212536,7.3580046,-16.207573,0.297825,17.768333,-5.01289,18.534164,0.30303118,25.56185,,,,-2.1052587,-13.011744,-6.751014,19.753672,-1.4418155,14.005365
271,0.0,-3.8482945,-23.370243,-29.577711,-3.1470137,-14.687093,26.35871,10.521445,-37.093224,3.6042066,-4.508748,30.293978,-12.900381,-46.867046,4.5702877,-21.77065,20.767025,4.312903,-9.419107,-34.834003,11.369084,-1.9688537,,,,10.169841,-0.69999206,23.336018,26.941814,5.811667,9.055664
272,0.0,-3.118431,-24.623796,-29.750418,-6.7085,18.40998,-23.379187,-56.447853,-0.5966596,1.876455,-5.9104247,14.540771,-20.189325,-6.3936005,-29.286089,12.945013,-4.2845826,-2.787031,-23.846981,-16.575727,3.753898,29.120836,,,,25.508938,8.759586,5.9661217,13.146361,8.81066,-9.069058
273,0.0,-14.993323,4.467521,-40.17093,38.27209,-10.516304,14.717646,-13.037176,9.510425,3.558994,11.885429,29.03274,9.539751,-41.564217,4.153097,-12.956642,-3.2918518,-17.055212,-0.2437996,-35.793198,12.678304,-3.0249531,,,,2.2018845,17.157076,-12.576181,5.421031,34.481636,-24.544744
274,0.0,-12.333196,4.363893,1.4364349,-6.8835406,20.192915,-23.86279,-13.95727,-2.5764759,2.6189387,27.755966,-12.786999,-7.1703167,-51.589794,4.052507,-20.4678,24.636934,-1.3354592,16.465836,-14.13631,-7.6494923,7.8376646,,,,-41.371265,-2.8803148,-8.764757,31.04015,-15.059859,-11.566729
275,0.0,-19.683033,4.4857974,11.349695,32.766327,-2.5367086,16.18172,-4.8459034,-21.01688,-15.848919,-7.2317095,-29.691017,5.233887,6.006184,-43.529934,0.7562529,-39.578537,-5.8541517,12.580127,6.8586564,-4.366976,25.742298,,,,1.2917789,1.5159221,15.032626,3.420091,33.242924,-22.990017
276,0.0,-22.16756,10.800684,-1.4843065,47.72988,-6.4242835,14.264876,-16.137661,-6.5246615,25.701633,-27.361977,-3.4077802,-27.125334,6.5665402,-41.009136,2.2471766,-7.1544647,16.405647,11.406858,-9.274976,-13.51532,22.777351,,,,2.3993275,-25.158691,25.654242,-6.757964,30.228865,-9.271671
277,0.0,7.0833583,13.261781,-39.76852,10.939836,11.056671,-44.65116,-16.19142,-9.2868805,28.602728,-15.23549,-7.760963,-33.134686,-39.040142,-3.905677,-8.571045,12.032166,22.42687,21.061377,-44.09439,-6.380497,-10.671923,,,,21.32635,4.257139,25.071568,8.833835,27.531485,-3.9771457
278,0.0,8.007764,14.316664,-25.522331,34.785095,-10.065069,15.123703,-18.256767,-13.242463,24.808039,-30.806532,0.91154474,-22.985144,-49.26526,3.1804118,-4.1785264,-56.775784,2.3235884,-5.820912,0.51304084,-12.808901,9.37988,,,,17.948069,5.945544,26.214464,-5.7840242,15.029262,26.389023
279,0.0,1.6194954,4.8224406,-17.865889,33.91449,-12.264318,14.443633,24.50491,-9.456175,30.171423,-6.086194,19.418978,-8.2243805,9.3036175,30.198095,-29.070862,9.987845,10.932011,-1.3385383,-53.720024,4.3206067,-10.9001045,,,,21.54537,5.110577,26.796263,7.422545,29.552755,-0.16711427
280,0.0,1.2577127,5.757329,-16.644276,36.917736,-8.843442,15.344979,-19.035633,11.858838,-17.97212,-14.967985,-13.592432,-11.11537,-15.450625,16.966377,-28.231203,-13.357073,15.080344,9.791379,-42.439087,-6.0669827,-10.663557,,,,-33.380302,7.314036,-3.7290266,3.61231,29.316782,-2.7412438
281,0.0,53.97956,-4.8733673,7.9479713,41.089474,-7.8493023,18.279737,-2.627694,11.459075,-22.252312,-1.9898025,-4.903827,-17.808758,5.932583,-1.2717854,14.736199,-18.938377,9.284432,6.523817,8.816834,-39.084446,2.5894156,,,,-40.54512,3.4314678,-4.7218847,-2.518692,7.5181623,-40.68872
282,0.0,0.086750805,38.976562,-13.857034,36.609146,-7.740218,26.484753,0.34556463,13.39982,-22.054586,2.6673965,1.4405502,-26.49696,-8.330162,-22.007082,-1.265509,20.853056,-0.50842106,-22.968739,2.7485778,-11.002301,38.546936,,,,-45.71741,-3.9574518,-6.9061375,-10.959847,17.911058,-7.1363626
283,0.0,18.050241,-2.1082656,-24.900148,17.351772,2.6399438,31.938168,-18.564104,6.198354,-7.7153506,-9.267931,3.6235838,-28.19196,,,,-18.585024,17.302109,4.246449,13.01012,-0.654493,8.8576565,,,,20.947979,8.289827,26.672007,22.307943,-14.419839,-7.2747126
284,0.0,14.499341,-4.144822,-21.019669,35.12031,-9.052318,18.540573,12.150279,-24.778053,6.512107,18.484518,-4.576246,-18.874508,,,,-9.1579485,-2.882903,12.613724,35.352684,2.7109213,25.770306,,,,12.5938,2.0835483,31.723276,6.1145687,30.630762,-1.5413953
285,0.0,23.824425,-2.3154058,-24.966082,-10.304405,3.697123,30.874695,-18.264729,-2.7752478,25.814129,14.479766,0.8481077,32.469772,,,,14.103379,26.68588,10.274122,21.743673,-2.4659834,36.14202,,,,-8.915935,-19.082438,-8.799579,9.260819,-8.344153,-17.256378
286,0.0,8.742322,35.47672,-11.147468,31.343433,-9.434988,17.67399,-43.412354,-2.9195652,-16.044611,26.789614,7.146517,-23.111639,,,,10.678316,-5.221981,31.699364,-32.557358,10.576112,-0.5204476,,,,-52.93132,0.27357092,-15.781637,9.149017,30.144087,-22.212788
287,0.0,8.004094,18.829718,-18.954502,41.18127,-3.574526,20.152456,-14.778011,23.581997,-15.375839,-29.10327,-10.0859785,-9.736465,,,,12.999057,-2.0719275,12.403673,-50.64334,0.08514781,-18.34005,,,,,,,-41.763813,9.202675,-15.063653
288,0.0,58.388622,-4.515413,9.688405,-12.253336,-15.765505,4.578112,-42.0992,8.232948,-18.473309,-4.7877374,-11.1866665,31.45725,,,,12.220434,7.532517,-39.756813,11.25146,-0.28698203,8.610358,,,,,,,-10.565121,-3.37409,-0.43461677
289,0.0,17.621206,0.87323576,-23.857628,42.73624,-4.3393736,15.236141,11.226872,9.026548,-44.146736,1.6370105,11.673398,-9.301862,,,,7.6923203,-23.869701,24.354092,7.6354456,-6.904764,18.357382,,,,,,,36.823536,-5.5461516,-7.698046
290,0.0,17.92258,-2.7531824,-21.591234,41.188198,1.8956673,14.211093,-17.461184,16.327116,26.342129,32.642216,0.027524577,24.21082,,,,,,,15.245314,21.088024,14.83738,,,,,,,32.631435,-21.945343,-4.378452
291,0.0,20.032127,1.5129567,29.595993,-10.526164,2.7340431,32.319355,0.5892375,-15.438576,-24.995466,29.712759,4.7817383,17.222874,,,,,,,-20.669233,-3.2341988,-11.539393,,,,,,,5.699992,-3.4551377,-38.744602
292,0.0,29.827707,-17.351732,-6.0124373,38.140633,-5.979205,20.230131,-32.75769,-0.2304777,-5.3984146,-14.154951,0.073741384,-7.6289034,,,,,,,-15.827308,-2.089974,-6.1363225,,,,,,,8.438154,23.933,-17.46008
293,0.0,34.3225,-19.713552,-3.489896,29.849216,10.978432,22.069067,-19.477207,-6.085239,17.238466,2.3625193,-0.80103695,-32.500263,,,,,,,-39.66038,-1.7962681,-15.96708,,,,,,,8.922147,29.017576,-24.50467
294,0.0,-0.772887,18.181652,-27.031223,35.018375,-4.76126,20.293182,19.233189,-5.246116,28.423775,4.7818503,-4.0631385,-31.782509,,,,,,,1.2362943,-11.793289,11.212793,,,,,,,3.2548711,20.975971,7.9709725
295,0.0,37.135708,-18.958933,-7.073348,8.604975,-9.638718,19.998613,18.74728,-17.597622,29.064806,-12.785173,0.25257427,-1.7947843,,,,,,,-0.5642101,13.943809,19.640005,,,,,,,-1.017296,18.191736,12.723511
296,0.0,15.539873,31.053333,-4.8082047,33.498333,-11.552811,17.804602,30.01163,14.67137,5.2381244,-12.2791605,3.7077386,-20.875607,,,,,,,9.486905,-22.301228,15.873608,,,,,,,14.292167,4.9031396,-18.2527
297,0.0,19.31575,15.378588,-24.98607,-2.6559398,21.814472,-26.910599,13.468937,-7.023804,34.095123,-6.775969,-3.7032816,-28.168228,,,,,,,5.342975,1.586487,18.616701,,,,,,,-6.5570407,31.853456,12.913799
298,0.0,26.286158,17.62522,-16.39634,33.777264,-5.8009567,22.603819,1.3656789,-22.81845,18.304083,33.99011,7.477699,-7.823459,,,,,,,-13.78483,-4.232019,-32.13439,,,,,,,9.867506,30.091354,-11.061705
299,0.0,32.045044,-5.4694586,-4.5410113,44.95802,-6.450133,12.629777,16.1823,-12.963453,33.826244,-19.648977,7.9114385,-19.084986,,,,,,,-49.12027,4.222871,-10.283192,,,,,,,23.71817,-3.5377715,13.364892
